{
"skeleton": {
	"hash": "F+EPhClYhR8",
	"spine": "4.0.31",
	"x": -100.47,
	"y": -9.21,
	"width": 260.65,
	"height": 573.31,
	"images": "./images/",
	"audio": ""
},
"bones": [
	{ "name": "root" },
	{ "name": "back-arm-ik-target", "parent": "root", "x": 103.52, "y": 345.27, "color": "ff3f00ff" },
	{ "name": "hip", "parent": "root", "x": 28.61, "y": 289.9, "color": "ffbd00ff" },
	{
		"name": "spine1",
		"parent": "hip",
		"length": 34.66,
		"rotation": 86.69,
		"x": -4.48,
		"y": 12.66,
		"color": "ffbd00ff"
	},
	{ "name": "spine2", "parent": "spine1", "length": 41.42, "rotation": 16.48, "x": 34.66, "color": "ffbd00ff" },
	{
		"name": "spine3",
		"parent": "spine2",
		"length": 34.45,
		"rotation": 16.17,
		"x": 41.42,
		"y": 0.01,
		"color": "ffbd00ff"
	},
	{
		"name": "spine4",
		"parent": "spine3",
		"length": 37.53,
		"rotation": -13.63,
		"x": 34.45,
		"y": 0.01,
		"color": "ffbd00ff"
	},
	{
		"name": "back-arm-ik1",
		"parent": "spine4",
		"length": 66.57,
		"rotation": -152.7,
		"x": 16.34,
		"y": -4.46,
		"color": "ff0000ff"
	},
	{ "name": "back-arm-ik2", "parent": "back-arm-ik1", "length": 66.01, "rotation": 19.36, "x": 66.57, "color": "ff0000ff" },
	{
		"name": "back-arm1",
		"parent": "spine4",
		"length": 32.43,
		"rotation": -154.36,
		"x": 16,
		"y": -4.58,
		"transform": "noScale",
		"color": "ff0000ff"
	},
	{
		"name": "back-arm2",
		"parent": "back-arm1",
		"length": 34.16,
		"rotation": 3.11,
		"x": 31.88,
		"y": 0.02,
		"color": "ff0000ff"
	},
	{ "name": "back-arm3", "parent": "back-arm2", "length": 31.27, "rotation": 9.59, "x": 34.16, "color": "ff0000ff" },
	{
		"name": "back-arm4",
		"parent": "back-arm3",
		"length": 33.3,
		"rotation": 14.61,
		"x": 32.04,
		"y": 0.82,
		"color": "ff0000ff"
	},
	{
		"name": "back-arm5",
		"parent": "back-arm4",
		"length": 37.41,
		"rotation": 11.31,
		"x": 33.82,
		"y": 0.02,
		"color": "ff0000ff"
	},
	{
		"name": "back-foot1",
		"parent": "hip",
		"length": 33.24,
		"rotation": -6.56,
		"x": -34.01,
		"y": -279.68,
		"transform": "onlyTranslation",
		"color": "ff0000ff"
	},
	{
		"name": "back-foot2",
		"parent": "back-foot1",
		"length": 32.29,
		"rotation": 4.34,
		"x": 33.24,
		"transform": "noScale",
		"color": "ff0000ff"
	},
	{
		"name": "back-foot3",
		"parent": "back-foot2",
		"length": 15.87,
		"rotation": 10.06,
		"x": 32.29,
		"transform": "noScale",
		"color": "ff0000ff"
	},
	{ "name": "back-leg-ik-target", "parent": "root", "x": 46.15, "y": 8.68, "color": "ff3f00ff" },
	{
		"name": "back-leg-ik1",
		"parent": "hip",
		"length": 140.17,
		"rotation": -88.1,
		"x": 9.63,
		"y": -0.38,
		"color": "ff0000ff"
	},
	{
		"name": "back-leg-ik2",
		"parent": "back-leg-ik1",
		"length": 148.96,
		"rotation": -21.32,
		"x": 140.17,
		"y": -0.01,
		"color": "ff0000ff"
	},
	{
		"name": "back-leg1",
		"parent": "hip",
		"length": 41,
		"rotation": -83.66,
		"x": 10.41,
		"y": 1.04,
		"color": "ff0000ff"
	},
	{ "name": "back-leg2", "parent": "back-leg1", "length": 41, "rotation": -4.07, "x": 34.57, "color": "ff0000ff" },
	{
		"name": "back-leg3",
		"parent": "back-leg1",
		"length": 41,
		"rotation": -5.24,
		"x": 81.79,
		"y": -2.29,
		"color": "ff0000ff"
	},
	{
		"name": "back-leg4",
		"parent": "back-leg1",
		"length": 41,
		"rotation": -16.6,
		"x": 121.21,
		"y": -11.27,
		"color": "ff0000ff"
	},
	{
		"name": "back-leg5",
		"parent": "back-leg1",
		"length": 41,
		"rotation": -32.36,
		"x": 160.16,
		"y": -24.86,
		"color": "ff0000ff"
	},
	{
		"name": "back-leg6",
		"parent": "back-leg1",
		"length": 41,
		"rotation": -30.76,
		"x": 197.04,
		"y": -39.98,
		"color": "ff0000ff"
	},
	{
		"name": "back-leg7",
		"parent": "back-leg1",
		"length": 41,
		"rotation": -30.63,
		"x": 233.19,
		"y": -57.32,
		"color": "ff0000ff"
	},
	{
		"name": "back-leg8",
		"parent": "back-leg1",
		"length": 41,
		"rotation": -33.79,
		"x": 267.29,
		"y": -77.39,
		"color": "ff0000ff"
	},
	{ "name": "belly", "parent": "spine1", "x": 35.94, "y": -37.69, "color": "ffbd00ff" },
	{ "name": "butt", "parent": "hip", "x": -32.67, "y": -1.88, "color": "ffbd00ff" },
	{ "name": "front-arm-ik-target", "parent": "root", "x": -92.44, "y": 331.78, "color": "ff3f00ff" },
	{
		"name": "front-arm-ik1",
		"parent": "spine4",
		"length": 69.56,
		"rotation": 117.86,
		"x": 27.36,
		"y": 4.22,
		"color": "50ff00ff"
	},
	{ "name": "front-arm-ik2", "parent": "front-arm-ik1", "length": 66.72, "rotation": 20.13, "x": 69.56, "color": "50ff00ff" },
	{
		"name": "front-arm1",
		"parent": "spine4",
		"length": 38.33,
		"rotation": 118.58,
		"x": 27.13,
		"y": 4.9,
		"transform": "noScale",
		"color": "4eff00ff"
	},
	{
		"name": "front-arm2",
		"parent": "front-arm1",
		"length": 35.67,
		"rotation": -0.44,
		"x": 38.33,
		"y": 0.01,
		"color": "4eff00ff"
	},
	{
		"name": "front-arm3",
		"parent": "front-arm2",
		"length": 32.65,
		"rotation": 14.45,
		"x": 35.67,
		"y": -0.02,
		"color": "4eff00ff"
	},
	{ "name": "front-arm4", "parent": "front-arm3", "length": 29.18, "rotation": 13.89, "x": 32.65, "color": "4eff00ff" },
	{
		"name": "front-arm5",
		"parent": "front-arm4",
		"length": 46.32,
		"rotation": 16.09,
		"x": 29.18,
		"transform": "noScale",
		"color": "4eff00ff"
	},
	{
		"name": "front-foot1",
		"parent": "hip",
		"length": 26.3,
		"rotation": -10.98,
		"x": -77.05,
		"y": -285.04,
		"transform": "onlyTranslation",
		"color": "50ff00ff"
	},
	{ "name": "front-foot2", "parent": "front-foot1", "length": 29.12, "rotation": 9.61, "x": 26.3, "color": "50ff00ff" },
	{ "name": "front-foot3", "parent": "front-foot2", "length": 23.49, "rotation": 8.91, "x": 29.12, "color": "50ff00ff" },
	{ "name": "front-leg-ik-target", "parent": "root", "x": -37.74, "y": 5.03, "color": "ff3f00ff" },
	{
		"name": "front-leg-ik1",
		"parent": "hip",
		"length": 140.67,
		"rotation": -89.23,
		"x": -23.99,
		"y": 1.89,
		"color": "50ff00ff"
	},
	{
		"name": "front-leg-ik2",
		"parent": "front-leg-ik1",
		"length": 155.95,
		"rotation": -21.5,
		"x": 140.67,
		"y": 0.03,
		"color": "50ff00ff"
	},
	{
		"name": "front-leg1",
		"parent": "hip",
		"length": 37.2,
		"rotation": -88.97,
		"x": -23.57,
		"y": -2,
		"color": "4fff00ff"
	},
	{
		"name": "front-leg2",
		"parent": "front-leg1",
		"length": 37.2,
		"rotation": 3.45,
		"x": 33.75,
		"y": 0.01,
		"color": "4fff00ff"
	},
	{
		"name": "front-leg3",
		"parent": "front-leg1",
		"length": 37.2,
		"rotation": -6.12,
		"x": 74.4,
		"y": -1.08,
		"color": "4fff00ff"
	},
	{
		"name": "front-leg4",
		"parent": "front-leg1",
		"length": 37.2,
		"rotation": -10.02,
		"x": 111.4,
		"y": -5.28,
		"color": "4fff00ff"
	},
	{
		"name": "front-leg5",
		"parent": "front-leg1",
		"length": 37.2,
		"rotation": -28.4,
		"x": 147.76,
		"y": -14.99,
		"color": "4fff00ff"
	},
	{
		"name": "front-leg6",
		"parent": "front-leg1",
		"length": 37.2,
		"rotation": -24.33,
		"x": 182.41,
		"y": -27.57,
		"color": "4fff00ff"
	},
	{
		"name": "front-leg7",
		"parent": "front-leg1",
		"length": 37.2,
		"rotation": -23,
		"x": 216.44,
		"y": -42.55,
		"color": "4fff00ff"
	},
	{
		"name": "front-leg8",
		"parent": "front-leg1",
		"length": 37.2,
		"rotation": -31.81,
		"x": 248.61,
		"y": -61.03,
		"color": "4fff00ff"
	},
	{
		"name": "neck1",
		"parent": "spine4",
		"length": 13.45,
		"rotation": -30.66,
		"x": 38.97,
		"y": -0.83,
		"color": "ffbd00ff"
	},
	{ "name": "neck2", "parent": "neck1", "length": 14.13, "rotation": -11.41, "x": 13.45, "color": "ffbd00ff" },
	{
		"name": "head",
		"parent": "neck2",
		"length": 89.06,
		"rotation": 6.98,
		"x": 15.82,
		"y": 0.22,
		"transform": "noScale",
		"color": "ffbd00ff"
	}
],
"slots": [
	{ "name": "back-arm", "bone": "root", "attachment": "back-arm" },
	{ "name": "back-leg", "bone": "root", "attachment": "back-leg" },
	{ "name": "body", "bone": "root", "attachment": "body" },
	{ "name": "head", "bone": "head", "attachment": "head" },
	{ "name": "front-arm", "bone": "root", "attachment": "front-arm" },
	{ "name": "back-leg-path", "bone": "hip", "attachment": "back-leg-path" },
	{ "name": "front-leg-path", "bone": "hip", "attachment": "front-leg-path" },
	{ "name": "front-arm-path", "bone": "spine4", "attachment": "front-arm-path" },
	{ "name": "back-arm-path", "bone": "spine4", "attachment": "back-arm-path" }
],
"ik": [
	{
		"name": "back-arm-ik",
		"order": 3,
		"bones": [ "back-arm-ik1", "back-arm-ik2" ],
		"target": "back-arm-ik-target"
	},
	{
		"name": "back-leg-ik",
		"bones": [ "back-leg-ik1", "back-leg-ik2" ],
		"target": "back-leg-ik-target",
		"bendPositive": false
	},
	{
		"name": "front-arm-ik",
		"order": 2,
		"bones": [ "front-arm-ik1", "front-arm-ik2" ],
		"target": "front-arm-ik-target"
	},
	{
		"name": "front-leg-ik",
		"order": 1,
		"bones": [ "front-leg-ik1", "front-leg-ik2" ],
		"target": "front-leg-ik-target",
		"bendPositive": false
	}
],
"transform": [
	{
		"name": "back-foot-position",
		"order": 8,
		"bones": [ "back-foot1" ],
		"target": "back-leg8",
		"rotation": 108.8,
		"x": 41.2,
		"y": -0.03,
		"scaleX": 5.0E-4,
		"scaleY": -3.0E-4,
		"shearY": 0.1,
		"mixRotate": 0,
		"mixScaleX": 0
	},
	{
		"name": "front-foot-position",
		"order": 9,
		"bones": [ "front-foot1" ],
		"target": "front-leg8",
		"rotation": 101.55,
		"x": 38.92,
		"y": -0.02,
		"scaleX": 4.0E-4,
		"scaleY": -3.0E-4,
		"shearY": 0.1,
		"mixRotate": 0,
		"mixScaleX": 0
	}
],
"path": [
	{
		"name": "back-arm-path",
		"order": 7,
		"bones": [ "back-arm1", "back-arm2", "back-arm3", "back-arm4" ],
		"target": "back-arm-path",
		"spacingMode": "percent",
		"rotateMode": "chainScale",
		"spacing": 0.25
	},
	{
		"name": "back-leg-path",
		"order": 4,
		"bones": [ "back-leg1", "back-leg2", "back-leg3", "back-leg4", "back-leg5", "back-leg6", "back-leg7", "back-leg8" ],
		"target": "back-leg-path",
		"spacingMode": "percent",
		"rotateMode": "chainScale",
		"spacing": 0.125
	},
	{
		"name": "front-arm-path",
		"order": 6,
		"bones": [ "front-arm1", "front-arm2", "front-arm3", "front-arm4" ],
		"target": "front-arm-path",
		"spacingMode": "percent",
		"rotateMode": "chainScale",
		"spacing": 0.25
	},
	{
		"name": "front-leg-path",
		"order": 5,
		"bones": [ "front-leg1", "front-leg2", "front-leg3", "front-leg4", "front-leg5", "front-leg6", "front-leg7", "front-leg8" ],
		"target": "front-leg-path",
		"spacingMode": "percent",
		"rotateMode": "chainScale",
		"spacing": 0.125
	}
],
"skins": [
	{
		"name": "default",
		"attachments": {
			"back-arm": {
				"back-arm": {
					"type": "mesh",
					"uvs": [ 0.74522, 0.00989, 0.64111, 0.05762, 0.56303, 0.1559, 0.42509, 0.25886, 0.28974, 0.359, 0.22988, 0.49565, 0.21166, 0.60797, 0.21166, 0.69782, 0.16481, 0.78674, 0.14139, 0.84757, 0.02427, 0.88501, 0.0529, 0.91871, 0.37824, 0.98797, 0.60468, 0.98235, 0.6307, 0.9056, 0.73481, 0.87752, 0.63591, 0.81762, 0.55262, 0.74181, 0.38084, 0.69876, 0.37824, 0.60797, 0.39906, 0.50876, 0.51358, 0.38521, 0.66194, 0.28881, 0.85454, 0.18398, 0.97687, 0.07541, 0.9144, 0.00989 ],
					"triangles": [ 11, 9, 12, 9, 8, 12, 12, 8, 18, 13, 12, 14, 12, 18, 17, 18, 8, 7, 14, 12, 17, 11, 10, 9, 14, 16, 15, 14, 17, 16, 7, 19, 18, 7, 6, 19, 6, 5, 19, 19, 5, 20, 5, 4, 20, 20, 4, 21, 4, 3, 21, 21, 3, 22, 3, 2, 22, 22, 2, 23, 2, 1, 23, 23, 1, 24, 1, 0, 24, 0, 25, 24 ],
					"vertices": [ 1, 9, -7.68, -11.48, 1, 1, 9, 4.09, -13.63, 1, 1, 9, 23.49, -9.36, 1, 1, 10, 13.44, -9.23, 1, 2, 10, 35.2, -9.62, 0.50649, 11, -0.58, -9.66, 0.49351, 1, 11, 26.04, -6.39, 1, 1, 12, 14.15, -6.11, 1, 2, 12, 31.54, -5.57, 0.66493, 13, -3.33, -5.03, 0.33507, 1, 13, 13.08, -11.25, 1, 1, 13, 24.41, -14.89, 1, 1, 13, 30.15, -24.52, 1, 1, 13, 36.93, -23.54, 1, 1, 13, 54.08, -2.33, 1, 1, 13, 55.73, 14.15, 1, 1, 13, 41.39, 18.48, 1, 1, 13, 37.29, 26.87, 1, 1, 13, 24.66, 21.67, 1, 1, 13, 9.18, 18.1, 1, 2, 12, 31.33, 6.78, 0.47881, 13, -1.11, 7.12, 0.52119, 1, 12, 13.77, 6.04, 1, 2, 11, 24.98, 6.17, 0.89218, 12, -5.48, 6.96, 0.10782, 2, 10, 32.6, 7.29, 0.59842, 11, -0.32, 7.45, 0.40158, 1, 10, 11.08, 8.85, 1, 1, 9, 17.89, 11.88, 1, 1, 9, -4.82, 9.46, 1, 1, 9, -13.69, -0.69, 1 ],
					"hull": 26,
					"edges": [ 0, 2, 2, 4, 4, 6, 6, 8, 8, 10, 10, 12, 12, 14, 14, 16, 16, 18, 18, 20, 20, 22, 22, 24, 24, 26, 26, 28, 28, 30, 30, 32, 32, 34, 34, 36, 36, 38, 38, 40, 40, 42, 42, 44, 44, 46, 46, 48, 48, 50, 0, 50, 2, 48, 4, 46, 6, 44, 8, 42, 10, 40, 12, 38, 14, 36 ],
					"width": 72,
					"height": 202
				}
			},
			"back-arm-path": {
				"back-arm-path": {
					"type": "path",
					"lengths": [ 66.62, 131.78, 261.99 ],
					"vertexCount": 9,
					"vertices": [ 1, 7, -19.59, 1.53, 1, 1, 7, 0.28, -0.13, 1, 1, 7, 17.08, -1.7, 1, 2, 7, 47.35, -3.26, 0.504, 8, -19.18, 3.46, 0.496, 2, 7, 66.76, 0.15, 0.504, 8, 0.23, 0.07, 0.496, 2, 7, 86.18, 3.55, 0.504, 8, 19.65, -3.32, 0.496, 1, 8, 46.48, -3.02, 1, 1, 8, 65.15, 0.11, 1, 1, 7, 144.73, 31.88, 1 ]
				}
			},
			"back-leg": {
				"back-leg": {
					"type": "mesh",
					"uvs": [ 0.502, 0.01179, 0.36076, 0.06379, 0.4057, 0.15046, 0.44743, 0.23916, 0.47953, 0.32991, 0.51163, 0.42269, 0.52127, 0.50629, 0.48274, 0.58888, 0.41212, 0.66025, 0.3126, 0.74182, 0.2163, 0.81625, 0.1232, 0.89272, 0.00763, 0.97429, 0.29655, 0.98958, 0.47407, 0.99222, 0.64004, 0.99468, 0.80989, 0.9896, 0.91291, 0.98652, 1, 0.95797, 0.8333, 0.94681, 0.71067, 0.9386, 0.57123, 0.92031, 0.41533, 0.89986, 0.3447, 0.89272, 0.36885, 0.87178, 0.42817, 0.82033, 0.502, 0.74794, 0.58226, 0.66943, 0.6593, 0.59092, 0.72993, 0.50528, 0.76524, 0.42167, 0.78129, 0.32481, 0.78771, 0.23406, 0.78771, 0.13924, 0.72351, 0.03728, 0.60152, 0.00567, 0.82117, 0.96898, 0.67873, 0.96396, 0.52111, 0.9574, 0.35936, 0.94214, 0.19388, 0.92922, 0.25375, 0.88159, 0.32792, 0.8184 ],
					"triangles": [ 17, 36, 19, 17, 16, 36, 16, 37, 36, 17, 19, 18, 36, 20, 19, 15, 37, 16, 14, 38, 15, 15, 38, 37, 37, 20, 36, 38, 21, 37, 37, 21, 20, 38, 22, 21, 13, 39, 14, 14, 39, 38, 12, 40, 13, 13, 40, 39, 39, 22, 38, 40, 23, 39, 39, 23, 22, 12, 11, 40, 40, 41, 23, 40, 11, 41, 23, 41, 24, 11, 10, 41, 41, 42, 24, 41, 10, 42, 24, 42, 25, 26, 25, 9, 10, 9, 42, 25, 42, 9, 9, 8, 26, 26, 8, 27, 8, 7, 27, 27, 7, 28, 7, 6, 28, 28, 6, 29, 6, 5, 29, 29, 5, 30, 30, 5, 31, 31, 5, 4, 31, 4, 32, 32, 4, 3, 32, 3, 33, 3, 2, 33, 2, 34, 33, 2, 1, 34, 34, 0, 35, 34, 1, 0 ],
					"vertices": [ 1, 20, -19.79, -5.67, 1, 2, 20, -5.62, -22.28, 0.83363, 21, -41.07, -23.3, 0.16637, 2, 20, 22.31, -21.98, 0.65187, 21, -13.17, -21.89, 0.34813, 3, 20, 50.83, -22.11, 0.3172, 21, 15.33, -20.87, 0.43086, 22, -19.67, -21.09, 0.25193, 4, 20, 79.85, -23.29, 0.10792, 21, 44.37, -20.89, 0.35417, 22, 9.3, -19.2, 0.3192, 23, -25.22, -20.06, 0.21872, 4, 21, 74.06, -20.98, 0.16486, 22, 38.93, -17.34, 0.32776, 23, 4.09, -15.38, 0.29831, 24, -30.1, -17.16, 0.20907, 3, 22, 65.54, -17.61, 0.17523, 23, 30.6, -13.11, 0.39173, 24, -4.12, -11.42, 0.43304, 3, 23, 57.03, -15.71, 0.19718, 24, 22.43, -10.53, 0.52971, 25, -12.97, -9.81, 0.27311, 3, 24, 46.05, -13.47, 0.40991, 25, 10.84, -10.17, 0.34747, 26, -24.93, -10.51, 0.24261, 3, 24, 73.39, -18.69, 0.19432, 25, 38.58, -12.41, 0.37177, 26, 2.9, -10.99, 0.43391, 3, 25, 64.06, -14.98, 0.16664, 26, 28.49, -11.94, 0.56756, 27, -7.53, -11.48, 0.2658, 3, 26, 54.58, -12.37, 0.52114, 27, 18.56, -10.93, 0.36168, 14, -3.08, 24.95, 0.11718, 4, 26, 82.97, -14.36, 0.35144, 27, 47.01, -11.86, 0.29521, 14, -13.07, -1.67, 0.25118, 15, -46.3, 1.83, 0.10216, 1, 14, 16.37, -4.67, 1, 2, 14, 34.32, -4.37, 0.53487, 15, 0.74, -4.44, 0.46513, 3, 14, 51.1, -4.08, 0.14611, 15, 17.5, -5.42, 0.54314, 16, -15.51, -2.75, 0.31075, 2, 15, 34.67, -4.01, 0.40714, 16, 1.65, -4.36, 0.59286, 2, 15, 45.09, -3.16, 0.25726, 16, 12.05, -5.34, 0.74274, 2, 15, 53.99, 5.81, 0.25311, 16, 22.38, 1.94, 0.74689, 2, 15, 37.19, 9.56, 0.4029, 16, 6.5, 8.57, 0.5971, 3, 14, 57.07, 14.17, 0.13352, 15, 24.84, 12.33, 0.54644, 16, -5.18, 13.44, 0.32004, 4, 26, 47.09, 33.11, 0.13131, 14, 42.64, 19.08, 0.26349, 15, 10.82, 18.31, 0.49746, 16, -17.94, 21.78, 0.10773, 4, 26, 46.46, 16.09, 0.21159, 27, 9.37, 17.21, 0.1068, 14, 26.51, 24.57, 0.44951, 15, -4.85, 25.01, 0.23211, 3, 26, 46.8, 8.62, 0.40111, 27, 10, 9.75, 0.24543, 14, 19.24, 26.38, 0.35346, 3, 26, 39.71, 8.61, 0.5825, 27, 2.91, 9.47, 0.30792, 14, 21.25, 33.18, 0.10958, 3, 25, 59.17, 5.89, 0.21955, 26, 22.27, 8.58, 0.57946, 27, -14.51, 8.8, 0.20099, 3, 24, 71.84, 0.47, 0.21583, 25, 34.96, 6.47, 0.32263, 26, -1.92, 7.63, 0.46154, 3, 24, 45.81, 3.96, 0.40554, 25, 8.71, 7.12, 0.38602, 26, -28.17, 6.61, 0.20845, 3, 23, 56.79, 2.13, 0.25409, 24, 19.83, 7.12, 0.53006, 25, -17.46, 7.46, 0.21585, 3, 22, 66.18, 3.45, 0.22414, 23, 29.23, 7.92, 0.34135, 24, -8.25, 9.24, 0.43451, 4, 21, 76.6, 4.51, 0.19364, 22, 39.78, 8.26, 0.28887, 23, 2.49, 10.19, 0.33579, 24, -35.06, 7.97, 0.1817, 4, 20, 82.88, 7.08, 0.11658, 21, 46.18, 9.58, 0.35727, 22, 9.09, 11.32, 0.35745, 23, -28.36, 10.3, 0.16869, 3, 20, 54.46, 12.11, 0.35357, 21, 17.57, 13.46, 0.44494, 22, -19.71, 13.32, 0.20149, 2, 20, 24.65, 16.69, 0.65438, 21, -12.4, 16.85, 0.34562, 2, 20, -8.38, 15.21, 0.85331, 21, -45.34, 14.05, 0.14669, 1, 20, -20.19, 4.56, 1, 2, 15, 35.89, 2.53, 0.4051, 16, 3.99, 1.87, 0.5949, 3, 14, 54.38, 5.92, 0.13921, 15, 21.52, 4.3, 0.54495, 16, -9.85, 6.12, 0.31584, 2, 14, 37.79, 7.63, 0.44939, 15, 5.1, 7.27, 0.55061, 3, 26, 65.39, 20.7, 0.11858, 14, 20.6, 11.35, 0.75134, 15, -11.76, 12.27, 0.13008, 3, 26, 65.41, 1.81, 0.3968, 27, 24.3, 0.23, 0.28258, 14, 2.07, 14.98, 0.32063, 3, 26, 48.01, 0.08, 0.55395, 27, 6.94, -0.33, 0.33293, 14, 3.38, 30.47, 0.11312, 3, 25, 65.95, -2.97, 0.19447, 26, 24.96, -1.58, 0.57382, 27, -15.99, -0.43, 0.23171 ],
					"hull": 36,
					"edges": [ 0, 2, 2, 4, 4, 6, 6, 8, 8, 10, 10, 12, 12, 14, 14, 16, 16, 18, 18, 20, 20, 22, 22, 24, 24, 26, 34, 36, 44, 46, 50, 52, 52, 54, 54, 56, 56, 58, 58, 60, 60, 62, 62, 64, 64, 66, 66, 68, 68, 70, 0, 70, 4, 66, 2, 68, 40, 42, 42, 44, 26, 28, 28, 30, 46, 48, 48, 50, 36, 38, 38, 40, 30, 32, 32, 34, 18, 52, 16, 54, 14, 56, 12, 58, 10, 60, 8, 62, 6, 64, 32, 72, 72, 38, 30, 74, 74, 40, 72, 74, 28, 76, 76, 42, 74, 76, 26, 78, 78, 44, 76, 78, 24, 80, 80, 46, 78, 80, 22, 82, 82, 48, 80, 82, 20, 84, 84, 50, 82, 84 ],
					"width": 100,
					"height": 318
				}
			},
			"back-leg-path": {
				"back-leg-path": {
					"type": "path",
					"lengths": [ 137.84, 291.79, 600.02 ],
					"vertexCount": 9,
					"vertices": [ 1, 18, -43.15, 0.61, 1, 1, 18, -1.31, 0.44, 1, 1, 18, 63.08, -0.19, 1, 2, 18, 72.07, 13.66, 0.5, 19, -69.12, -16.08, 0.5, 2, 18, 135.75, 0.27, 0.5, 19, -3.96, -2.03, 0.5, 2, 18, 202.92, -15.14, 0.5, 19, 65, 14.1, 0.5, 1, 19, 71.09, -2.04, 1, 1, 19, 149.06, -1.74, 1, 1, 18, 368.48, -1.81, 1 ]
				}
			},
			"body": {
				"body": {
					"type": "mesh",
					"uvs": [ 0.35966, 0.01351, 0.26864, 0.04108, 0.26204, 0.0954, 0.34119, 0.14478, 0.39792, 0.19457, 0.40451, 0.24272, 0.38077, 0.27893, 0.3597, 0.3004, 0.34119, 0.31926, 0.34989, 0.34326, 0.35834, 0.36658, 0.36552, 0.40164, 0.37234, 0.43499, 0.38397, 0.4944, 0.3956, 0.55971, 0.39884, 0.59858, 0.40142, 0.62955, 0.40216, 0.65662, 0.3461, 0.71564, 0.27077, 0.78176, 0.2201, 0.82128, 0.17618, 0.85553, 0.13115, 0.88833, 0.08238, 0.92385, 0.00342, 0.9796, 0.18836, 0.99127, 0.32172, 0.99284, 0.46266, 0.99451, 0.61643, 0.98608, 0.71618, 0.97182, 0.61851, 0.95821, 0.48967, 0.95043, 0.39458, 0.94083, 0.27772, 0.92904, 0.23408, 0.9232, 0.26692, 0.89774, 0.30681, 0.86681, 0.34203, 0.83415, 0.38369, 0.7955, 0.45642, 0.72874, 0.52708, 0.66845, 0.56032, 0.63345, 0.57541, 0.60109, 0.59357, 0.56214, 0.61643, 0.49732, 0.63513, 0.43963, 0.64345, 0.40462, 0.77081, 0.39011, 0.84585, 0.37025, 0.90983, 0.35331, 0.9674, 0.31915, 0.97302, 0.28585, 0.96448, 0.23351, 0.8952, 0.1681, 0.79346, 0.12643, 0.75179, 0.10879, 0.71799, 0.09448, 0.66817, 0.07237, 0.61343, 0.04807, 0.47868, 0.01411, 0.49846, 0.38826, 0.66315, 0.34728, 0.67333, 0.30664, 0.8188, 0.29655, 0.80971, 0.24505, 0.72829, 0.17902, 0.68147, 0.13902, 0.59191, 0.09711, 0.3904, 0.09012, 0.53695, 0.14981, 0.57563, 0.19616, 0.64483, 0.25077, 0.79855, 0.33476, 0.61751, 0.97167, 0.4773, 0.97061, 0.23795, 0.95673, 0.15272, 0.92355, 0.14158, 0.94886, 0.23861, 0.86092, 0.51732, 0.30354, 0.50696, 0.34527, 0.50634, 0.43735, 0.50334, 0.4959, 0.51086, 0.32558, 0.50355, 0.41057, 0.19543, 0.89241, 0.36492, 0.9641 ],
					"triangles": [ 1, 0, 59, 58, 1, 59, 68, 1, 58, 2, 1, 68, 67, 68, 58, 67, 58, 57, 67, 57, 56, 66, 67, 56, 66, 56, 55, 3, 2, 68, 69, 68, 67, 3, 68, 69, 69, 67, 66, 66, 55, 54, 65, 66, 54, 65, 54, 53, 4, 3, 69, 70, 69, 66, 4, 69, 70, 70, 66, 65, 5, 4, 70, 71, 70, 65, 5, 70, 71, 6, 71, 62, 79, 6, 62, 7, 6, 79, 71, 6, 5, 83, 7, 79, 8, 7, 83, 83, 79, 62, 9, 8, 83, 80, 9, 83, 61, 83, 62, 61, 62, 72, 80, 83, 61, 46, 80, 61, 46, 61, 47, 62, 71, 64, 64, 65, 53, 64, 53, 52, 71, 65, 64, 63, 64, 52, 63, 52, 51, 62, 64, 63, 50, 63, 51, 72, 62, 63, 72, 63, 50, 49, 72, 50, 48, 72, 49, 47, 61, 72, 47, 72, 48, 74, 32, 31, 86, 32, 74, 73, 31, 30, 74, 31, 73, 73, 30, 29, 28, 74, 73, 28, 73, 29, 27, 86, 74, 27, 74, 28, 26, 86, 27, 75, 33, 86, 24, 23, 77, 25, 77, 75, 24, 77, 25, 26, 75, 86, 25, 75, 26, 22, 21, 85, 85, 78, 35, 34, 85, 35, 76, 22, 85, 76, 85, 34, 23, 22, 76, 77, 23, 76, 77, 76, 34, 77, 34, 33, 75, 77, 33, 86, 33, 32, 36, 78, 20, 21, 20, 78, 37, 36, 20, 85, 21, 78, 35, 78, 36, 38, 18, 39, 19, 18, 38, 37, 19, 38, 20, 19, 37, 40, 17, 16, 41, 40, 16, 39, 17, 40, 18, 17, 39, 42, 15, 14, 43, 42, 14, 41, 16, 15, 42, 41, 15, 14, 13, 82, 43, 82, 44, 14, 82, 43, 12, 11, 84, 45, 81, 84, 12, 84, 81, 46, 45, 84, 13, 12, 81, 82, 13, 81, 44, 81, 45, 82, 81, 44, 10, 9, 80, 60, 10, 80, 11, 10, 60, 60, 80, 46, 84, 60, 46, 11, 60, 84 ],
					"vertices": [ 1, 6, 30.85, 2.45, 1, 2, 5, 60.42, 12.42, 0.24859, 6, 22.32, 18.18, 0.75141, 2, 5, 39.47, 25.25, 0.44332, 6, -1.06, 25.72, 0.55668, 3, 4, 48.03, 29.46, 0.37431, 5, 14.55, 26.45, 0.47619, 6, -25.57, 21.02, 0.1495, 3, 3, 50.36, 32.58, 0.11243, 4, 24.29, 26.8, 0.64611, 5, -8.99, 30.5, 0.24146, 3, 44, -45.22, -8.81, 0.10611, 3, 28.69, 30.4, 0.49533, 4, 2.89, 30.85, 0.39856, 3, 44, -28.91, -12.45, 0.25802, 3, 12.15, 32.8, 0.60894, 4, -12.29, 37.84, 0.13304, 3, 44, -18.5, -14.05, 0.28714, 3, 2.34, 35.98, 0.51935, 29, -7.6, 18.95, 0.19351, 4, 44, -10.79, -18.35, 0.28478, 28, -42.03, 75.56, 0.10295, 3, -6.36, 37.32, 0.37494, 29, -10.2, 10.26, 0.23733, 3, 44, 0.92, -16.96, 0.34087, 3, -17.28, 35.45, 0.32141, 29, -8.2, -0.67, 0.33772, 4, 44, 10.64, -16.32, 0.32691, 45, -24.05, -14.9, 0.16082, 3, -27.58, 33.67, 0.14432, 29, -6.37, -11.05, 0.36794, 4, 44, 28.5, -15.63, 0.24237, 45, -9.55, -15.11, 0.27028, 46, -45.51, -19.12, 0.12132, 29, -3.65, -27.88, 0.36603, 4, 44, 41.59, -14.89, 0.21761, 45, 6.93, -15.35, 0.33285, 46, -26.85, -17.49, 0.20377, 29, -1.3, -43.28, 0.24577, 3, 45, 33.83, -15.81, 0.47179, 46, 0, -15.85, 0.42627, 47, -31.79, -17.82, 0.10194, 3, 45, 63.39, -16.48, 0.2126, 46, 29.52, -14.22, 0.42737, 47, -2.43, -14.39, 0.36002, 3, 46, 49.79, -15.51, 0.30179, 47, 14.85, -13.08, 0.47127, 48, -21.15, -15.64, 0.22695, 3, 46, 61.1, -13.41, 0.15443, 47, 29.03, -11.65, 0.50848, 48, -3.27, -12.45, 0.33708, 2, 47, 41.24, -10.8, 0.28079, 48, 8.41, -8.79, 0.71921, 2, 48, 36.24, -8.59, 0.56513, 49, -3.02, -8.84, 0.43487, 3, 48, 67.93, -10.06, 0.16322, 49, 28.69, -7.82, 0.53712, 50, -8.12, -7.7, 0.29966, 3, 49, 47.76, -8.47, 0.40201, 50, 10.97, -7.9, 0.45131, 51, -26.34, -6.21, 0.14668, 3, 49, 64.62, -8.06, 0.25017, 50, 27.8, -8.4, 0.46039, 51, -12.77, -8.82, 0.28944, 4, 49, 79.13, -10.24, 0.11858, 50, 42.33, -8.03, 0.26981, 51, 4.53, -8.38, 0.48104, 38, -1.56, 35.6, 0.13057, 2, 51, 20.84, -9.2, 0.728, 38, -5.38, 19.56, 0.272, 1, 38, -11.5, -7.3, 1, 4, 51, 43.23, 16.27, 0.2746, 38, 15.1, -7.51, 0.48158, 39, -12.29, -5.54, 0.12942, 40, -41.77, 0.94, 0.11439, 4, 51, 37, 33.94, 0.18804, 38, 33.71, -4.58, 0.34252, 39, 6.54, -5.76, 0.18297, 40, -23.2, -2.19, 0.28647, 3, 38, 53.35, -1.59, 0.21646, 39, 26.41, -6.09, 0.26516, 40, -3.62, -5.59, 0.51838, 2, 39, 47.99, -1.76, 0.15753, 40, 18.37, -4.66, 0.84247, 1, 40, 33.16, -0.12, 1, 2, 39, 47.98, 10.84, 0.17387, 40, 20.32, 7.79, 0.82613, 4, 51, 9.83, 48.43, 0.17572, 38, 53.29, 18.7, 0.17038, 39, 29.73, 13.92, 0.136, 40, 2.77, 13.66, 0.5179, 4, 51, 11.45, 34.58, 0.26313, 38, 39.26, 20.56, 0.23037, 39, 16.21, 18.1, 0.15679, 40, -9.94, 19.88, 0.3497, 4, 51, 12.41, 17.13, 0.37057, 38, 22.11, 22.5, 0.30409, 39, -0.38, 22.88, 0.18235, 40, -25.59, 27.17, 0.14299, 3, 51, 12.34, 10.44, 0.4464, 38, 15.56, 23.92, 0.2976, 39, -6.59, 25.37, 0.256, 4, 50, 38.15, 11.09, 0.28506, 51, 1.65, 10.97, 0.37544, 38, 17.99, 34.75, 0.18251, 39, -2.39, 35.65, 0.15699, 3, 49, 62.62, 10.94, 0.26064, 50, 26.05, 10.62, 0.49792, 51, -15.15, 10.14, 0.24144, 3, 49, 47.27, 9.67, 0.40348, 50, 9.53, 10.2, 0.4787, 51, -26.59, 11.94, 0.11781, 3, 48, 69.23, 6.98, 0.16044, 49, 28.64, 9.27, 0.53936, 50, -7.95, 9.39, 0.3002, 2, 48, 37.36, 8.01, 0.57649, 49, -3.21, 7.8, 0.42351, 2, 47, 45.49, 7.11, 0.2935, 48, 8.38, 9.61, 0.7065, 3, 46, 62.85, 9, 0.15446, 47, 29.41, 10.82, 0.49324, 48, -8.13, 9.49, 0.3523, 3, 46, 52.15, 9.28, 0.30575, 47, 12.84, 11.74, 0.46742, 48, -26.12, 8.77, 0.22683, 3, 45, 66.66, 11.26, 0.21798, 46, 30.62, 13.69, 0.42844, 47, -3.05, 13.54, 0.35358, 3, 45, 37.7, 16.76, 0.48246, 46, 1.32, 16.92, 0.41752, 47, -32.5, 14.97, 0.10002, 4, 44, 44.35, 22.12, 0.2346, 45, 11.91, 21.43, 0.43853, 46, -24.76, 19.57, 0.2068, 3, -58.29, -7.2, 0.12007, 4, 44, 28.55, 23.57, 0.31081, 45, -3.77, 23.84, 0.19158, 28, -76.76, 29.23, 0.21531, 3, -42.43, -7.46, 0.28231, 3, 44, 22.31, 41.64, 0.18196, 28, -69.84, 12.47, 0.43955, 3, -34.84, -25, 0.37848, 3, 44, 19.78, 51.42, 0.1392, 28, -59.84, 2.53, 0.47896, 3, -23.9, -35.17, 0.38184, 3, 44, 6.03, 61.54, 0.10543, 28, -52.71, -5.88, 0.51007, 3, -17.11, -43.61, 0.38449, 2, 28, -37.16, -13.14, 0.67427, 3, -1.22, -50.83, 0.32573, 1, 28, -22.09, -13.06, 1, 2, 28, 1.45, -10.49, 0.89019, 3, 37.4, -48.18, 0.10981, 3, 28, 30.41, 0.97, 0.4302, 3, 66.35, -36.73, 0.16237, 4, 19.98, -44.2, 0.40743, 2, 4, 41.58, -34.52, 0.68165, 5, -9.45, -33.21, 0.31835, 2, 4, 50.69, -30.62, 0.51066, 5, 0.38, -31.99, 0.48934, 3, 4, 58.07, -27.45, 0.26484, 5, 8.35, -31.01, 0.61475, 6, -18.05, -36.28, 0.12041, 3, 4, 69.4, -22.88, 0.17396, 5, 20.51, -29.78, 0.5644, 6, -6.53, -32.23, 0.26164, 2, 5, 33.86, -28.42, 0.29085, 6, 6.13, -27.77, 0.70915, 2, 5, 56.55, -19.38, 0.17381, 6, 26.05, -13.63, 0.82619, 4, 44, 20.79, 3.26, 0.43236, 45, -12.74, 4.03, 0.19687, 3, -36.22, 13.38, 0.21782, 29, 13.98, -19.25, 0.15294, 4, 44, 2.69, 26.81, 0.26409, 28, -50.86, 29.21, 0.2337, 3, -16.39, -8.73, 0.34628, 29, 35.79, -0.49, 0.15592, 3, 44, -15.65, 28.57, 0.15678, 28, -33.54, 28.78, 0.2916, 3, 2.03, -9.11, 0.55162, 1, 28, -28.18, 8.37, 1, 1, 28, -5.01, 11, 1, 3, 28, 24.12, 24.18, 0.12052, 3, 60.07, -13.52, 0.21384, 4, 20.53, -20.16, 0.66564, 2, 4, 39.64, -17.85, 0.59513, 5, -6.68, -16.66, 0.40487, 3, 4, 60.96, -9.87, 0.26252, 5, 16.02, -14.92, 0.55541, 6, -14.39, -18.85, 0.18206, 2, 5, 32.69, 8.3, 0.58729, 6, -3.66, 7.65, 0.41271, 2, 4, 39.53, 3.1, 0.47136, 5, -0.95, 3.5, 0.52864, 1, 4, 17.89, 2.56, 1, 2, 3, 27.01, -3.64, 0.67245, 4, -8.37, -1.32, 0.32755, 3, 44, -2.63, 46, 0.10033, 28, -45.42, 10.27, 0.52612, 3, -9.64, -27.47, 0.37356, 2, 39, 47.98, 4.75, 0.16598, 40, 19.38, 1.78, 0.83402, 4, 51, 19.56, 50.48, 0.12624, 38, 53.31, 9.51, 0.16908, 39, 28.22, 4.86, 0.24846, 40, -0.13, 4.94, 0.45621, 4, 51, 26.31, 16.82, 0.32786, 38, 18.97, 9.25, 0.38308, 39, -5.69, 10.34, 0.1588, 40, -32.78, 15.61, 0.13026, 2, 51, 16.97, -0.03, 0.66865, 38, 4.23, 21.71, 0.33135, 3, 51, 28.1, 2.86, 0.4826, 38, 4.92, 10.15, 0.31302, 39, -19.39, 13.57, 0.20437, 3, 49, 63.22, -0.58, 0.21069, 50, 25.96, 0.79, 0.49387, 51, -11.02, 1.48, 0.29545, 3, 44, -14.84, 8.09, 0.24448, 28, -33.35, 51.23, 0.16325, 3, 2.6, 13.54, 0.59227, 4, 44, 3.38, 4.96, 0.28616, 28, -51.81, 51.13, 0.16477, 3, -15.87, 13.44, 0.31892, 29, 13.85, -0.53, 0.23015, 4, 44, 46.09, 3.59, 0.2409, 45, 9.06, 3.1, 0.41152, 46, -28.46, 0.64, 0.21862, 29, 17.5, -43.07, 0.12896, 3, 45, 37.23, 1.25, 0.47745, 46, -0.08, 1.26, 0.42163, 47, -36.26, -5.26, 0.10093, 4, 44, -5.23, 6.3, 0.25594, 28, -43.11, 51.32, 0.15579, 3, -7.17, 13.63, 0.42092, 29, 14.17, 8.17, 0.16735, 4, 44, 33.04, 3.37, 0.36685, 45, -3.97, 3.61, 0.31093, 3, -45.33, 9.83, 0.17307, 29, 15.76, -30.15, 0.14915, 4, 49, 77.51, -1.16, 0.11479, 50, 40.24, 0.95, 0.26889, 51, 3.05, 0.72, 0.44973, 38, 7.66, 35.33, 0.16659, 4, 51, 22.73, 34.68, 0.22091, 38, 37.18, 9.39, 0.26956, 39, 12.3, 7.43, 0.20636, 40, -15.46, 9.95, 0.30317 ],
					"hull": 60,
					"edges": [ 0, 2, 2, 4, 4, 6, 6, 8, 8, 10, 10, 12, 24, 26, 26, 28, 32, 34, 34, 36, 36, 38, 46, 48, 48, 50, 54, 56, 56, 58, 58, 60, 60, 62, 66, 68, 76, 78, 78, 80, 80, 82, 86, 88, 88, 90, 90, 92, 92, 94, 98, 100, 100, 102, 102, 104, 104, 106, 106, 108, 116, 118, 0, 118, 92, 120, 120, 20, 28, 86, 82, 32, 34, 80, 78, 36, 76, 38, 12, 124, 102, 126, 126, 124, 126, 128, 128, 130, 130, 132, 132, 134, 112, 134, 134, 136, 136, 4, 2, 116, 6, 138, 138, 132, 8, 140, 140, 130, 10, 142, 142, 128, 128, 104, 130, 106, 132, 108, 122, 92, 100, 144, 144, 122, 126, 144, 144, 94, 112, 114, 114, 116, 108, 110, 110, 112, 16, 18, 18, 20, 20, 22, 22, 24, 12, 14, 14, 16, 122, 124, 94, 96, 96, 98, 56, 146, 146, 60, 54, 148, 148, 62, 146, 148, 50, 150, 150, 66, 46, 152, 152, 68, 154, 152, 154, 48, 42, 156, 156, 72, 14, 158, 158, 124, 18, 160, 160, 122, 160, 120, 24, 162, 162, 90, 26, 164, 164, 88, 162, 164, 16, 166, 160, 166, 166, 158, 166, 124, 162, 168, 168, 120, 168, 22, 168, 92, 38, 40, 40, 42, 72, 74, 74, 76, 40, 74, 42, 44, 44, 46, 152, 170, 170, 156, 44, 170, 68, 70, 70, 72, 170, 70, 62, 64, 64, 66, 148, 172, 172, 150, 64, 172, 50, 52, 52, 54, 172, 52, 154, 66, 150, 154, 28, 30, 30, 32, 82, 84, 84, 86, 30, 84 ],
					"width": 141,
					"height": 452
				}
			},
			"front-arm": {
				"front-arm": {
					"type": "mesh",
					"uvs": [ 0.71401, 0.00566, 0.67108, 0.08129, 0.60222, 0.15434, 0.53633, 0.21683, 0.44558, 0.28705, 0.34898, 0.35134, 0.29097, 0.38941, 0.25238, 0.41472, 0.22423, 0.44271, 0.19483, 0.47193, 0.15998, 0.50658, 0.09138, 0.59568, 0.05498, 0.70866, 0.02988, 0.81366, 0.01049, 0.94262, 0.10495, 0.98985, 0.25391, 0.97421, 0.31482, 0.88907, 0.28834, 0.82869, 0.13607, 0.74572, 0.14335, 0.71488, 0.18317, 0.62253, 0.25217, 0.54221, 0.29538, 0.50981, 0.33787, 0.47795, 0.38452, 0.45013, 0.43581, 0.41953, 0.54711, 0.3655, 0.68845, 0.29832, 0.74855, 0.35527, 0.85874, 0.38229, 0.99674, 0.37645, 0.95354, 0.33244, 0.91356, 0.29172, 0.87464, 0.25208, 0.83759, 0.21434, 0.78083, 0.12598, 0.78194, 0.0683, 0.6322, 0.23719, 0.66925, 0.15784, 0.75533, 0.20967, 0.7161, 0.11137 ],
					"triangles": [ 30, 32, 31, 30, 29, 33, 30, 33, 32, 29, 28, 33, 28, 34, 33, 34, 40, 35, 34, 28, 40, 28, 38, 40, 38, 39, 40, 40, 36, 35, 39, 41, 40, 40, 41, 36, 39, 1, 41, 36, 41, 37, 37, 41, 0, 41, 1, 0, 39, 2, 1, 15, 18, 16, 15, 14, 13, 15, 13, 19, 16, 18, 17, 18, 15, 19, 13, 12, 19, 19, 12, 20, 12, 11, 20, 20, 11, 21, 11, 10, 21, 21, 10, 22, 10, 9, 22, 22, 9, 23, 9, 8, 23, 8, 7, 23, 23, 7, 24, 7, 6, 24, 24, 6, 25, 6, 5, 25, 25, 5, 26, 26, 5, 4, 26, 4, 27, 4, 3, 27, 27, 38, 28, 27, 3, 38, 3, 2, 38, 38, 2, 39 ],
					"vertices": [ 1, 53, 21.67, 6.08, 1, 2, 52, 18.13, 3.37, 0.16553, 53, 3.92, 4.24, 0.83447, 3, 33, -6.12, -15.24, 0.20965, 52, -0.05, 8.86, 0.53629, 6, 43.44, 6.81, 0.25406, 1, 33, 10.36, -12.02, 1, 2, 33, 30.62, -10.09, 0.88822, 34, -7.63, -10.15, 0.11178, 2, 33, 50.57, -9.69, 0.30996, 34, 12.31, -9.61, 0.69004, 2, 34, 24.21, -9.37, 0.86563, 35, -13.43, -6.2, 0.13437, 2, 34, 32.12, -9.22, 0.73143, 35, -5.73, -8.02, 0.26857, 2, 34, 39.35, -7.59, 0.54007, 35, 1.68, -8.25, 0.45993, 2, 34, 46.9, -5.88, 0.29037, 35, 9.42, -8.48, 0.70963, 2, 35, 18.59, -8.76, 0.66539, 36, -15.76, -5.13, 0.33461, 1, 36, 6.03, -8.58, 1, 2, 36, 31.42, -5.98, 0.39257, 37, 0.49, -6.36, 0.60743, 1, 37, 23.8, -9.31, 1, 1, 37, 52.37, -11.28, 1, 1, 37, 62.39, 2.72, 1, 1, 37, 58.29, 24.21, 1, 1, 37, 39.22, 32.48, 1, 1, 37, 26, 28.25, 1, 1, 37, 8.33, 5.63, 1, 2, 36, 28.81, 6.64, 0.48313, 37, 1.49, 6.49, 0.51687, 1, 36, 7.61, 5.9, 1, 3, 34, 51.67, 11.07, 0.10767, 35, 18.26, 6.75, 0.559, 36, -12.35, 10.01, 0.33333, 2, 34, 42.19, 10.25, 0.31464, 35, 8.88, 8.32, 0.68536, 2, 34, 32.87, 9.45, 0.59184, 35, -0.35, 9.86, 0.40816, 2, 34, 23.73, 9.7, 0.83036, 35, -9.14, 12.39, 0.16964, 2, 33, 52.08, 9.88, 0.29921, 34, 13.68, 9.98, 0.70079, 2, 33, 32.19, 12.6, 0.84687, 34, -6.24, 12.55, 0.15313, 1, 6, 9.42, 3.39, 1, 2, 6, -5.05, -1.59, 0.472, 5, 29.16, -0.35, 0.528, 1, 5, 16.13, -11.36, 1, 1, 5, 7.46, -29.44, 1, 2, 6, -8.23, -31.57, 0.5193, 5, 19, -28.74, 0.4807, 1, 6, 2, -28.43, 1, 1, 6, 11.96, -25.37, 1, 1, 6, 21.44, -22.45, 1, 3, 52, 12.7, -14.55, 0.25482, 53, 2.14, -14.4, 0.32231, 6, 42.47, -19.82, 0.42287, 1, 53, 13.64, -8.89, 1, 1, 33, 3.55, 0.91, 1, 2, 52, 1.72, -0.73, 0.5001, 6, 40.07, -2.34, 0.4999, 1, 6, 25.66, -11.25, 1, 3, 52, 13.4, -4.65, 0.33234, 53, 0.86, -4.56, 0.48165, 6, 48.12, -11.66, 0.18601 ],
					"hull": 38,
					"edges": [ 0, 2, 8, 10, 20, 22, 22, 24, 24, 26, 26, 28, 28, 30, 30, 32, 32, 34, 34, 36, 36, 38, 38, 40, 40, 42, 42, 44, 52, 54, 54, 56, 56, 58, 58, 60, 60, 62, 70, 72, 72, 74, 0, 74, 56, 76, 6, 8, 76, 6, 4, 6, 4, 78, 78, 80, 80, 70, 2, 82, 82, 72, 82, 78, 78, 76, 2, 4, 56, 80, 56, 66, 62, 64, 64, 66, 66, 68, 68, 70, 44, 46, 46, 48, 18, 20, 46, 18, 10, 12, 12, 14, 48, 50, 50, 52, 12, 50, 14, 16, 16, 18 ],
					"width": 145,
					"height": 221
				}
			},
			"front-arm-path": {
				"front-arm-path": {
					"type": "path",
					"lengths": [ 73.62, 136.68, 266.32 ],
					"vertexCount": 9,
					"vertices": [ 1, 31, -21.12, -1.6, 1, 1, 31, 0.92, -0.29, 1, 1, 31, 16.41, 0.79, 1, 2, 31, 53.26, -1.74, 0.504, 32, -15.94, 3.84, 0.496, 2, 31, 74.54, 0.19, 0.504, 32, 4.75, -1.5, 0.496, 2, 31, 94.74, 2.31, 0.504, 32, 24.5, -6.3, 0.496, 1, 32, 46.12, -4.58, 1, 1, 32, 66.56, -0.12, 1, 1, 31, 147.94, 32.21, 1 ]
				}
			},
			"front-leg-path": {
				"front-leg-path": {
					"type": "path",
					"lengths": [ 140.44, 297.38, 610.53 ],
					"vertexCount": 9,
					"vertices": [ 1, 42, -40.7, -0.42, 1, 1, 42, 1.49, -0.27, 1, 1, 42, 75.42, 0.33, 1, 2, 42, 82.92, 8.5, 0.5, 43, -58.75, -8.54, 0.5, 2, 42, 141.35, 0.53, 0.5, 43, 0.45, 0.71, 0.5, 2, 42, 208.27, -14.84, 0.5, 43, 68.84, 18.53, 0.5, 1, 43, 73.81, 1.42, 1, 1, 43, 156.58, 0.99, 1, 1, 42, 380.6, 0.76, 1 ]
				}
			},
			"head": {
				"head": { "x": 45.65, "y": -7.92, "rotation": -70.44, "width": 87, "height": 102 }
			}
		}
	}
],
"animations": {
	"sneak": {
		"bones": {
			"hip": {
				"rotate": [
					{
						"value": 14.66,
						"curve": [ 0.034, 21.16, 0.094, 32.2 ]
					},
					{
						"time": 0.1667,
						"value": 32.04,
						"curve": [ 0.24, 31.88, 0.299, 25.53 ]
					},
					{
						"time": 0.3333,
						"value": 19.42,
						"curve": [ 0.378, 11.34, 0.483, -23.11 ]
					},
					{
						"time": 0.5333,
						"value": -23.11,
						"curve": [ 0.583, -23.11, 0.695, -16.6 ]
					},
					{
						"time": 0.7333,
						"value": -10.18,
						"curve": [ 0.768, -4.38, 0.87, 13.71 ]
					},
					{
						"time": 0.9,
						"value": 19.59,
						"curve": [ 0.925, 24.39, 0.977, 32.14 ]
					},
					{
						"time": 1.0667,
						"value": 32.14,
						"curve": [ 1.156, 32.14, 1.222, 24.8 ]
					},
					{
						"time": 1.2333,
						"value": 19.95,
						"curve": [ 1.255, 10.45, 1.384, -22.75 ]
					},
					{
						"time": 1.4667,
						"value": -22.81,
						"curve": [ 1.526, -22.85, 1.604, -15.78 ]
					},
					{
						"time": 1.6333,
						"value": -11.59,
						"curve": [ 1.669, -6.54, 1.777, 8.21 ]
					},
					{ "time": 1.8, "value": 14.66 }
				],
				"translate": [
					{
						"x": -57.44,
						"y": -40.93,
						"curve": [ 0.042, -57.44, 0.117, -38.78, 0.059, -40.93, 0.141, -56.62 ]
					},
					{
						"time": 0.1667,
						"x": -16.16,
						"y": -79.84,
						"curve": [ 0.197, -2.27, 0.252, 52.64, 0.185, -96.63, 0.222, -128.07 ]
					},
					{
						"time": 0.2667,
						"x": 70.71,
						"y": -145.2,
						"curve": [ 0.281, 88.77, 0.322, 131.81, 0.292, -155.03, 0.316, -159.28 ]
					},
					{
						"time": 0.3333,
						"x": 149.65,
						"y": -159.28,
						"curve": [ 0.348, 173.79, 0.41, 269.27, 0.358, -159.28, 0.39, -156.25 ]
					},
					{
						"time": 0.4333,
						"x": 326.26,
						"y": -144.88,
						"curve": [ 0.453, 374.96, 0.507, 506.55, 0.474, -134.19, 0.499, -123.45 ]
					},
					{
						"time": 0.5333,
						"x": 530.41,
						"y": -110.2,
						"curve": [ 0.571, 564.55, 0.681, 572.07, 0.574, -94.44, 0.695, -64.62 ]
					},
					{
						"time": 0.7333,
						"x": 575.65,
						"y": -58.69,
						"curve": [ 0.775, 578.48, 0.849, 587.03, 0.779, -51.62, 0.858, -46.32 ]
					},
					{
						"time": 0.9,
						"x": 591.81,
						"y": -46.32,
						"curve": [ 0.941, 595.64, 1.009, 602.18, 0.978, -46.32, 1.044, -78.01 ]
					},
					{
						"time": 1.0667,
						"x": 640.01,
						"y": -96.6,
						"curve": [ 1.107, 666.55, 1.122, 683.15, 1.091, -116.12, 1.123, -138.61 ]
					},
					{
						"time": 1.1333,
						"x": 696.11,
						"y": -143.1,
						"curve": [ 1.177, 747.03, 1.218, 793.29, 1.163, -155.88, 1.208, -159.3 ]
					},
					{
						"time": 1.2333,
						"x": 812.65,
						"y": -159.3,
						"curve": [ 1.265, 852.01, 1.32, 964.33, 1.258, -159.3, 1.312, -157.52 ]
					},
					{
						"time": 1.3333,
						"x": 986.95,
						"y": -153.35,
						"curve": [ 1.355, 1022.45, 1.399, 1138.75, 1.363, -147.68, 1.396, -127.4 ]
					},
					{
						"time": 1.4333,
						"x": 1158.47,
						"y": -111.89,
						"curve": [ 1.477, 1183.93, 1.569, 1222.76, 1.469, -97.24, 1.581, -62.85 ]
					},
					{
						"time": 1.6333,
						"x": 1234.55,
						"y": -55.33,
						"curve": [ 1.685, 1244.04, 1.758, 1246.53, 1.677, -49.02, 1.758, -40.93 ]
					},
					{ "time": 1.8, "x": 1246.53, "y": -40.93 }
				]
			},
			"front-leg-ik-target": {
				"translate": [
					{
						"x": -50.43,
						"y": 44.62,
						"curve": [ 0.049, -44.97, 0.105, -41.18, 0.057, 51.86, 0.128, 56.27 ]
					},
					{
						"time": 0.1667,
						"x": -36.84,
						"y": 59.2,
						"curve": [ 0.212, -33.59, 0.293, -27.74, 0.216, 62.97, 0.292, 65.99 ]
					},
					{
						"time": 0.3333,
						"x": -24.98,
						"y": 65.99,
						"curve": [ 0.381, -21.71, 0.483, -10.4, 0.383, 65.99, 0.483, 62.53 ]
					},
					{
						"time": 0.5333,
						"x": -10.4,
						"y": 62.53,
						"curve": [ 0.578, 129.03, 0.703, 513.49, 0.64, 62.53, 0.683, 107.27 ]
					},
					{
						"time": 0.7333,
						"x": 622.8,
						"y": 107.27,
						"curve": [ 0.783, 805.42, 0.855, 1093.98, 0.775, 107.27, 0.864, 78.34 ]
					},
					{
						"time": 0.9,
						"x": 1155.36,
						"y": 68.21,
						"curve": [ 0.934, 1202.01, 1.025, 1235.47, 0.962, 50.92, 1.008, 32.38 ]
					},
					{ "time": 1.0667, "x": 1235.47, "y": 15.8 },
					{ "time": 1.2333, "x": 1235.47, "y": 0.97 },
					{
						"time": 1.5667,
						"x": 1230.16,
						"y": 3.76,
						"curve": [ 1.6, 1230.16, 1.651, 1237.18, 1.621, 4.05, 1.654, 16.84 ]
					},
					{
						"time": 1.7,
						"x": 1244,
						"y": 27.11,
						"curve": [ 1.714, 1245.89, 1.775, 1253.54, 1.727, 33.18, 1.732, 34.85 ]
					},
					{ "time": 1.8, "x": 1253.54, "y": 44.62 }
				]
			},
			"front-foot1": {
				"rotate": [
					{
						"value": -48.39,
						"curve": [ 0.059, -57.97, 0.117, -65.42 ]
					},
					{
						"time": 0.1667,
						"value": -67.97,
						"curve": [ 0.217, -70.56, 0.313, -75.7 ]
					},
					{
						"time": 0.3333,
						"value": -76.85,
						"curve": [ 0.375, -79.17, 0.432, -91.73 ]
					},
					{
						"time": 0.4667,
						"value": -98.14,
						"curve": [ 0.528, -109.44, 0.642, -121.35 ]
					},
					{
						"time": 0.7,
						"value": -121.35,
						"curve": [ 0.725, -121.35, 0.781, -96.15 ]
					},
					{
						"time": 0.8,
						"value": -80.19,
						"curve": [ 0.813, -68.71, 0.875, 45.59 ]
					},
					{
						"time": 0.9,
						"value": 45.59,
						"curve": [ 0.942, 45.59, 1.025, 2.11 ]
					},
					{
						"time": 1.0667,
						"value": 2.11,
						"curve": [ 1.108, 2.11, 1.192, 4.65 ]
					},
					{ "time": 1.2333, "value": 4.65 },
					{
						"time": 1.5667,
						"value": 5.67,
						"curve": [ 1.625, 5.67, 1.706, -28.74 ]
					},
					{ "time": 1.8, "value": -48.39 }
				],
				"scale": [
					{ "time": 0.6 },
					{ "time": 0.6333, "x": 0.955 },
					{ "time": 0.7667, "x": 0.821 },
					{ "time": 0.9 },
					{ "time": 1.0667, "x": 0.851 },
					{ "time": 1.3667 }
				]
			},
			"front-foot3": {
				"rotate": [
					{
						"value": 36.33,
						"curve": [ 0.083, 36.33, 0.25, 28.46 ]
					},
					{
						"time": 0.3333,
						"value": 28.46,
						"curve": [ 0.375, 28.46, 0.52, 41.88 ]
					},
					{
						"time": 0.5333,
						"value": 30.32,
						"curve": [ 0.538, 26.13, 0.558, -28.8 ]
					},
					{
						"time": 0.5667,
						"value": -28.8,
						"curve": [ 0.657, -28.8, 0.85, -0.12 ]
					},
					{
						"time": 0.9,
						"value": -0.12,
						"curve": [ 0.942, -0.12, 1.104, -11.35 ]
					},
					{ "time": 1.2333, "value": -11.35 },
					{
						"time": 1.5667,
						"value": -11.24,
						"curve": [ 1.625, -11.24, 1.742, 36.33 ]
					},
					{ "time": 1.8, "value": 36.33 }
				]
			},
			"back-leg-ik-target": {
				"translate": [
					{
						"x": 405.61,
						"y": 86.68,
						"curve": [ 0.061, 468.33, 0.125, 523.72, 0.029, 74.49, 0.134, 28.41 ]
					},
					{
						"time": 0.1667,
						"x": 523.72,
						"y": 16.64,
						"curve": [ 0.208, 523.72, 0.292, 523.03, 0.208, 1.8, 0.292, -5 ]
					},
					{ "time": 0.3333, "x": 523.03, "y": -5, "curve": "stepped" },
					{
						"time": 0.7,
						"x": 523.03,
						"y": -5,
						"curve": [ 0.71, 523.03, 0.773, 522.64, 0.751, -4.59, 0.789, 13.21 ]
					},
					{
						"time": 0.8,
						"x": 526.1,
						"y": 16.19,
						"curve": [ 0.831, 530, 0.89, 542.56, 0.811, 19.15, 0.864, 37.99 ]
					},
					{
						"time": 0.9,
						"x": 543.64,
						"y": 41.87,
						"curve": [ 0.951, 549.22, 1.148, 561.34, 0.941, 46.28, 1.142, 52.84 ]
					},
					{ "time": 1.2, "x": 564.89, "y": 53.26 },
					{ "time": 1.4333, "x": 576.45, "y": 52.97 },
					{
						"time": 1.5,
						"x": 743.06,
						"y": 74.82,
						"curve": [ 1.533, 817.54, 1.616, 1051.89, 1.523, 82.58, 1.6, 103.62 ]
					},
					{
						"time": 1.6333,
						"x": 1123.78,
						"y": 103.62,
						"curve": [ 1.657, 1222.31, 1.773, 1670.69, 1.675, 103.62, 1.755, 95 ]
					},
					{ "time": 1.8, "x": 1816.85, "y": 86.68 }
				]
			},
			"back-foot1": {
				"rotate": [
					{
						"value": 74.18,
						"curve": [ 0.042, 74.18, 0.125, -17.01 ]
					},
					{
						"time": 0.1667,
						"value": -17.01,
						"curve": [ 0.236, 3.89, 0.292, 5.06 ]
					},
					{ "time": 0.3333, "value": 5.06 },
					{
						"time": 0.7,
						"value": 3.74,
						"curve": [ 0.75, 3.74, 0.86, -55.55 ]
					},
					{
						"time": 0.9,
						"value": -65.56,
						"curve": [ 0.934, -74.04, 1.133, -86.02 ]
					},
					{
						"time": 1.2,
						"value": -89.72,
						"curve": [ 1.296, -94.98, 1.35, -96.3 ]
					},
					{
						"time": 1.4,
						"value": -96.3,
						"curve": [ 1.463, -95.87, 1.558, -94.73 ]
					},
					{
						"time": 1.6333,
						"value": -92.53,
						"curve": [ 1.671, -91.44, 1.758, 74.18 ]
					},
					{ "time": 1.8, "value": 74.18 }
				],
				"scale": [
					{ "x": 0.824 },
					{ "time": 0.1667, "x": 0.754 },
					{ "time": 0.3333, "x": 0.589 },
					{ "time": 0.5667, "x": 0.91 },
					{ "time": 0.9, "curve": "stepped" },
					{ "time": 1.4 },
					{ "time": 1.5, "x": 0.845 },
					{ "time": 1.8, "x": 0.824 }
				]
			},
			"back-foot2": {
				"rotate": [
					{ "value": 8.14 },
					{ "time": 0.1667, "value": -3.21 },
					{ "time": 0.7, "value": -1.14 },
					{ "time": 0.9, "value": 34.12 },
					{ "time": 1.0667, "value": 39.89 },
					{ "time": 1.4, "value": 48.21 },
					{ "time": 1.4333, "value": 42.68 },
					{ "time": 1.4667, "value": -29.71 },
					{ "time": 1.5333, "value": -37.64 },
					{ "time": 1.6333, "value": -11.91 },
					{ "time": 1.8, "value": 8.14 }
				],
				"scale": [
					{},
					{ "time": 0.1667, "x": 0.835 },
					{ "time": 0.3333 }
				]
			},
			"neck1": {
				"rotate": [
					{
						"value": 21.95,
						"curve": [ 0.15, 21.95, 0.45, 34.82 ]
					},
					{
						"time": 0.6,
						"value": 34.82,
						"curve": [ 0.675, 34.82, 0.825, 21.95 ]
					},
					{
						"time": 0.9,
						"value": 21.95,
						"curve": [ 1.042, 21.95, 1.325, 34.82 ]
					},
					{
						"time": 1.4667,
						"value": 34.82,
						"curve": [ 1.55, 34.82, 1.717, 21.95 ]
					},
					{ "time": 1.8, "value": 21.95 }
				]
			},
			"neck2": {
				"rotate": [
					{
						"value": -22.93,
						"curve": [ 0.15, -22.93, 0.45, 8.99 ]
					},
					{
						"time": 0.6,
						"value": 8.99,
						"curve": [ 0.675, 8.99, 0.825, -22.93 ]
					},
					{
						"time": 0.9,
						"value": -22.93,
						"curve": [ 1.042, -22.93, 1.325, 8.99 ]
					},
					{
						"time": 1.4667,
						"value": 8.99,
						"curve": [ 1.55, 8.99, 1.717, -22.93 ]
					},
					{ "time": 1.8, "value": -22.93 }
				],
				"translate": [
					{
						"curve": [ 0.066, 2.8, 0.168, 10.67, 0.102, 0.67, 0.168, 1.08 ]
					},
					{
						"time": 0.2667,
						"x": 10.67,
						"y": 1.08,
						"curve": [ 0.371, 10.67, 0.389, -4.87, 0.371, 1.08, 0.478, -3.28 ]
					},
					{
						"time": 0.6,
						"x": -4.5,
						"y": -3.24,
						"curve": [ 0.726, -4.29, 0.833, -1.87, 0.733, -3.19, 0.848, -0.41 ]
					},
					{
						"time": 0.9,
						"curve": [ 0.939, 1.08, 1.068, 10.67, 0.977, 0.61, 1.068, 1.08 ]
					},
					{
						"time": 1.1667,
						"x": 10.67,
						"y": 1.08,
						"curve": [ 1.271, 10.67, 1.288, -4.62, 1.271, 1.08, 1.392, -3.23 ]
					},
					{
						"time": 1.5,
						"x": -4.5,
						"y": -3.24,
						"curve": [ 1.557, -4.48, 1.719, -1.93, 1.604, -3.24, 1.683, -0.96 ]
					},
					{ "time": 1.8 }
				]
			},
			"head": {
				"rotate": [
					{
						"value": -12.55,
						"curve": [ 0.083, -17.57, 0.298, -21.04 ]
					},
					{
						"time": 0.3667,
						"value": -21.03,
						"curve": [ 0.481, -21, 0.467, 20.29 ]
					},
					{
						"time": 0.5333,
						"value": 20.46,
						"curve": [ 0.583, 20.59, 0.855, -6.59 ]
					},
					{
						"time": 0.9,
						"value": -12.35,
						"curve": [ 0.927, -15.76, 1.08, -20.96 ]
					},
					{
						"time": 1.1667,
						"value": -20.95,
						"curve": [ 1.258, -20.93, 1.339, 20.11 ]
					},
					{
						"time": 1.4333,
						"value": 20.11,
						"curve": [ 1.476, 20.11, 1.708, -6.98 ]
					},
					{ "time": 1.8, "value": -12.55 }
				],
				"scale": [
					{
						"curve": [ 0.069, 1, 0.149, 1.058, 0.069, 1, 0.149, 0.954 ]
					},
					{
						"time": 0.2333,
						"x": 1.058,
						"y": 0.954,
						"curve": [ 0.327, 1.058, 0.429, 0.958, 0.327, 0.954, 0.417, 1.055 ]
					},
					{
						"time": 0.5333,
						"x": 0.955,
						"y": 1.057,
						"curve": [ 0.662, 0.951, 0.808, 1, 0.676, 1.059, 0.808, 1 ]
					},
					{
						"time": 0.9,
						"curve": [ 0.969, 1, 1.049, 1.058, 0.969, 1, 1.049, 0.954 ]
					},
					{
						"time": 1.1333,
						"x": 1.058,
						"y": 0.954,
						"curve": [ 1.227, 1.058, 1.329, 0.958, 1.227, 0.954, 1.317, 1.055 ]
					},
					{
						"time": 1.4333,
						"x": 0.955,
						"y": 1.057,
						"curve": [ 1.562, 0.951, 1.677, 1, 1.576, 1.059, 1.677, 1 ]
					},
					{ "time": 1.8 }
				]
			},
			"back-leg-ik1": {
				"scale": [
					{
						"x": 2.186,
						"curve": [ 0.062, 2.216, 0.145, 2.132, 0.042, 1, 0.125, 1 ]
					},
					{
						"time": 0.1667,
						"x": 2.099,
						"curve": [ 0.226, 2.008, 0.324, 1.504, 0.208, 1, 0.292, 1 ]
					},
					{
						"time": 0.3333,
						"x": 1.432,
						"curve": [ 0.349, 1.313, 0.398, 1.144, 0.358, 1, 0.408, 1 ]
					},
					{
						"time": 0.4333,
						"x": 1.089,
						"curve": [ 0.446, 1.069, 0.508, 1, 0.458, 1, 0.508, 1 ]
					},
					{ "time": 0.5333, "curve": "stepped" },
					{
						"time": 1.0667,
						"curve": [ 1.083, 1, 1.117, 0.893, 1.083, 1, 1.117, 1 ]
					},
					{
						"time": 1.1333,
						"x": 0.893,
						"curve": [ 1.158, 0.893, 1.201, 0.91, 1.158, 1, 1.208, 1 ]
					},
					{
						"time": 1.2333,
						"x": 0.957,
						"curve": [ 1.276, 1.018, 1.383, 2.315, 1.283, 1, 1.383, 1 ]
					},
					{
						"time": 1.4333,
						"x": 2.315,
						"curve": [ 1.483, 2.315, 1.583, 0.774, 1.483, 1, 1.583, 1 ]
					},
					{
						"time": 1.6333,
						"x": 0.774,
						"curve": [ 1.675, 0.774, 1.725, 2.035, 1.675, 1, 1.758, 1 ]
					},
					{ "time": 1.8, "x": 2.186 }
				]
			},
			"front-leg1": {
				"scale": [
					{ "y": 1.118 }
				]
			},
			"back-leg1": {
				"scale": [
					{ "y": 1.039 }
				]
			},
			"front-leg-ik1": {
				"scale": [
					{
						"curve": [ 0.067, 1, 0.2, 0.805, 0.067, 1, 0.2, 1 ]
					},
					{
						"time": 0.2667,
						"x": 0.807,
						"curve": [ 0.436, 0.812, 0.483, 2.356, 0.283, 1, 0.483, 1 ]
					},
					{
						"time": 0.5333,
						"x": 2.356,
						"curve": [ 0.622, 2.356, 0.658, 1, 0.622, 1, 0.658, 1 ]
					},
					{
						"time": 0.7,
						"curve": [ 0.75, 1, 0.85, 2.248, 0.75, 1, 0.85, 1 ]
					},
					{
						"time": 0.9,
						"x": 2.248,
						"curve": [ 1.002, 2.248, 1.191, 1.667, 0.942, 1, 1.192, 1 ]
					},
					{
						"time": 1.2333,
						"x": 1.496,
						"curve": [ 1.271, 1.345, 1.283, 1.106, 1.25, 1, 1.269, 1 ]
					},
					{
						"time": 1.3,
						"x": 1.048,
						"curve": [ 1.345, 0.89, 1.402, 0.779, 1.345, 0.861, 1.402, 0.763 ]
					},
					{
						"time": 1.4333,
						"x": 0.779,
						"y": 0.763,
						"curve": [ 1.525, 0.779, 1.708, 1, 1.525, 0.763, 1.708, 1 ]
					},
					{ "time": 1.8 }
				]
			},
			"spine2": {
				"rotate": [
					{
						"value": -10.08,
						"curve": [ 0.106, -8.31, 0.2, 3.24 ]
					},
					{
						"time": 0.2667,
						"value": 3.26,
						"curve": [ 0.364, 3.29, 0.468, -3.47 ]
					},
					{
						"time": 0.5,
						"value": -4.69,
						"curve": [ 0.53, -5.82, 0.654, -11.88 ]
					},
					{
						"time": 0.7333,
						"value": -11.87,
						"curve": [ 0.796, -11.87, 0.849, -11.45 ]
					},
					{
						"time": 0.9,
						"value": -10.11,
						"curve": [ 0.954, -8.7, 1.058, 4.57 ]
					},
					{
						"time": 1.1667,
						"value": 4.57,
						"curve": [ 1.248, 4.57, 1.318, -3.47 ]
					},
					{
						"time": 1.3333,
						"value": -4.27,
						"curve": [ 1.342, -4.73, 1.367, -6.79 ]
					},
					{
						"time": 1.4,
						"value": -7.9,
						"curve": [ 1.467, -10.1, 1.567, -11.72 ]
					},
					{
						"time": 1.6333,
						"value": -11.72,
						"curve": [ 1.675, -11.72, 1.758, -10.77 ]
					},
					{ "time": 1.8, "value": -10.08 }
				],
				"translate": [
					{
						"curve": [ 0.063, 3.71, 0.168, 13.66, 0.099, 2.89, 0.168, 5.98 ]
					},
					{
						"time": 0.2667,
						"x": 13.66,
						"y": 5.98,
						"curve": [ 0.371, 13.66, 0.484, -15.14, 0.371, 5.98, 0.477, -2.96 ]
					},
					{
						"time": 0.6,
						"x": -18.84,
						"y": -2.76,
						"curve": [ 0.699, -21.91, 0.853, -3.43, 0.703, -2.59, 0.816, -2.13 ]
					},
					{
						"time": 0.9,
						"curve": [ 0.951, 3.71, 1.08, 14.44, 0.965, 1.65, 1.08, 6.21 ]
					},
					{
						"time": 1.1667,
						"x": 14.44,
						"y": 6.21,
						"curve": [ 1.248, 14.44, 1.308, -9.04, 1.248, 6.21, 1.324, -3.86 ]
					},
					{
						"time": 1.4,
						"x": -8.81,
						"y": -3.47,
						"curve": [ 1.5, -8.55, 1.718, -3.71, 1.496, -2.97, 1.647, -1.92 ]
					},
					{ "time": 1.8 }
				],
				"scale": [
					{
						"curve": [ 0.104, 1.012, 0.165, 1.025, 0.068, 0.995, 0.165, 0.989 ]
					},
					{
						"time": 0.2667,
						"x": 1.025,
						"y": 0.989,
						"curve": [ 0.375, 1.025, 0.479, 0.991, 0.375, 0.989, 0.492, 1.026 ]
					},
					{
						"time": 0.6,
						"x": 0.991,
						"y": 1.026,
						"curve": [ 0.727, 0.992, 0.836, 0.995, 0.716, 1.026, 0.833, 1.003 ]
					},
					{
						"time": 0.9,
						"curve": [ 0.975, 1.005, 1.065, 1.026, 0.986, 0.996, 1.065, 0.993 ]
					},
					{
						"time": 1.1667,
						"x": 1.026,
						"y": 0.994,
						"curve": [ 1.275, 1.026, 1.381, 1.001, 1.257, 0.994, 1.392, 1.019 ]
					},
					{
						"time": 1.5,
						"x": 0.995,
						"y": 1.019,
						"curve": [ 1.616, 0.99, 1.725, 0.994, 1.616, 1.019, 1.707, 1.007 ]
					},
					{ "time": 1.8 }
				]
			},
			"spine3": {
				"rotate": [
					{
						"value": -20.41,
						"curve": [ 0.067, -20.41, 0.193, -13.51 ]
					},
					{
						"time": 0.2667,
						"value": -11.58,
						"curve": [ 0.341, -9.62, 0.43, -9.04 ]
					},
					{
						"time": 0.5,
						"value": -8.98,
						"curve": [ 0.558, -8.93, 0.707, -16.66 ]
					},
					{
						"time": 0.7333,
						"value": -17.78,
						"curve": [ 0.79, -20.18, 0.858, -20.34 ]
					},
					{
						"time": 0.9,
						"value": -20.34,
						"curve": [ 0.967, -20.34, 1.095, -13.66 ]
					},
					{
						"time": 1.1667,
						"value": -11.58,
						"curve": [ 1.221, -9.99, 1.339, -9.09 ]
					},
					{
						"time": 1.4,
						"value": -9.03,
						"curve": [ 1.5, -8.93, 1.595, -16.15 ]
					},
					{
						"time": 1.6333,
						"value": -17.88,
						"curve": [ 1.669, -19.49, 1.758, -20.41 ]
					},
					{ "time": 1.8, "value": -20.41 }
				],
				"translate": [
					{
						"curve": [ 0.069, 0, 0.182, 15.54, 0.069, 0, 0.182, 1 ]
					},
					{
						"time": 0.2667,
						"x": 15.54,
						"y": 1,
						"curve": [ 0.418, 15.54, 0.557, -14.83, 0.418, 1, 0.557, -6.87 ]
					},
					{
						"time": 0.7333,
						"x": -19.11,
						"y": -7.14,
						"curve": [ 0.789, -20.44, 0.845, 0, 0.789, -7.23, 0.845, 0 ]
					},
					{
						"time": 0.9,
						"curve": [ 0.99, 0, 1.08, 18.18, 0.99, 0, 1.08, 1.43 ]
					},
					{
						"time": 1.1667,
						"x": 18.18,
						"y": 1.43,
						"curve": [ 1.336, 18.18, 1.497, -2.55, 1.336, 1.43, 1.497, -4.89 ]
					},
					{
						"time": 1.6333,
						"x": -7.9,
						"y": -5.31,
						"curve": [ 1.694, -10.23, 1.75, 0, 1.694, -5.5, 1.75, 0 ]
					},
					{ "time": 1.8 }
				]
			},
			"back-foot3": {
				"rotate": [
					{ "value": 11.35 },
					{ "time": 0.7, "value": -4.24 },
					{ "time": 0.9, "value": 25.49, "curve": "stepped" },
					{ "time": 1.4333, "value": 25.49 },
					{ "time": 1.4667, "value": 1.43 },
					{ "time": 1.5333, "value": -30.52 },
					{ "time": 1.6333, "value": -20.54 },
					{ "time": 1.8, "value": 11.35 }
				],
				"scale": [
					{},
					{ "time": 0.1667, "x": 0.835 },
					{ "time": 0.3333 }
				]
			},
			"spine1": {
				"rotate": [
					{
						"value": 10.81,
						"curve": [ 0.111, 10.81, 0.467, -28.59 ]
					},
					{
						"time": 0.6,
						"value": -28.7,
						"curve": [ 0.716, -28.79, 0.753, 10.87 ]
					},
					{
						"time": 0.9,
						"value": 10.98,
						"curve": [ 1.038, 11.08, 1.315, -28.92 ]
					},
					{
						"time": 1.4667,
						"value": -28.7,
						"curve": [ 1.578, -28.53, 1.612, 10.86 ]
					},
					{ "time": 1.8, "value": 10.81 }
				]
			},
			"spine4": {
				"rotate": [
					{
						"curve": [ 0.111, -0.06, 0.201, 11.97 ]
					},
					{
						"time": 0.3333,
						"value": 11.91,
						"curve": [ 0.44, 11.87, 0.459, 10.35 ]
					},
					{
						"time": 0.5,
						"value": 8.95,
						"curve": [ 0.608, 5.25, 0.82, -0.08 ]
					},
					{
						"time": 0.9,
						"value": -0.01,
						"curve": [ 0.967, 0.04, 1.084, 11.8 ]
					},
					{
						"time": 1.1667,
						"value": 11.74,
						"curve": [ 1.237, 11.69, 1.266, 11.1 ]
					},
					{
						"time": 1.3333,
						"value": 8.99,
						"curve": [ 1.394, 7.11, 1.644, -0.13 ]
					},
					{ "time": 1.8 }
				]
			},
			"front-foot2": {
				"rotate": [
					{
						"curve": [ 0.089, 2.36, 0.142, 3.99 ]
					},
					{
						"time": 0.1667,
						"value": 3.99,
						"curve": [ 0.192, 3.99, 0.242, -1.24 ]
					},
					{
						"time": 0.2667,
						"value": -1.24,
						"curve": [ 0.417, -1.24, 0.481, 26.87 ]
					},
					{
						"time": 0.5333,
						"value": 26.87,
						"curve": [ 0.542, 26.87, 0.553, 3.56 ]
					},
					{
						"time": 0.5667,
						"value": -7.2,
						"curve": [ 0.576, -14.84, 0.667, -39.26 ]
					},
					{
						"time": 0.7,
						"value": -39.26,
						"curve": [ 0.75, -39.26, 0.85, 11.27 ]
					},
					{
						"time": 0.9,
						"value": 11.27,
						"curve": [ 0.942, 11.27, 1.025, -18.18 ]
					},
					{
						"time": 1.0667,
						"value": -18.18,
						"curve": [ 1.108, -18.18, 1.192, -2.64 ]
					},
					{
						"time": 1.2333,
						"value": -2.64,
						"curve": [ 1.317, -2.64, 1.483, -5.84 ]
					},
					{
						"time": 1.5667,
						"value": -5.84,
						"curve": [ 1.625, -5.84, 1.718, -2.5 ]
					},
					{ "time": 1.8 }
				]
			},
			"belly": {
				"translate": [
					{
						"x": -13.1,
						"y": -3.77,
						"curve": [ 0.057, -4.17, 0.187, 20.82, 0.08, -3.77, 0.22, -6.19 ]
					},
					{
						"time": 0.3,
						"x": 21.89,
						"y": -8.83,
						"curve": [ 0.366, 22.49, 0.432, -15.85, 0.391, -11.84, 0.434, -22.7 ]
					},
					{
						"time": 0.5,
						"x": -15.88,
						"y": -22.65,
						"curve": [ 0.54, -15.89, 0.625, -6.82, 0.552, -22.6, 0.641, -15.57 ]
					},
					{
						"time": 0.6667,
						"x": -7.38,
						"y": -15.36,
						"curve": [ 0.717, -8.06, 0.735, -23.68, 0.721, -14.93, 0.699, -16.4 ]
					},
					{
						"time": 0.7667,
						"x": -22.39,
						"y": -16.35,
						"curve": [ 0.823, -20.15, 0.876, -15.43, 0.813, -16.32, 0.875, -12.67 ]
					},
					{
						"time": 0.9,
						"x": -12.86,
						"y": -11.82,
						"curve": [ 0.944, -8.04, 1.115, 23.54, 0.942, -10.37, 1.105, -6.95 ]
					},
					{
						"time": 1.1667,
						"x": 23.61,
						"y": -6.98,
						"curve": [ 1.228, 23.7, 1.299, -15.39, 1.231, -7.01, 1.304, -22.51 ]
					},
					{
						"time": 1.4,
						"x": -16.35,
						"y": -22.54,
						"curve": [ 1.453, -16.86, 1.467, 7.19, 1.435, -22.56, 1.489, -16.13 ]
					},
					{
						"time": 1.5333,
						"x": 6.65,
						"y": -15.7,
						"curve": [ 1.567, 6.37, 1.611, -0.18, 1.56, -15.45, 1.623, -17.43 ]
					},
					{
						"time": 1.6333,
						"x": -7.99,
						"y": -17.27,
						"curve": [ 1.65, -13.81, 1.67, -19.85, 1.663, -16.85, 1.692, -12.63 ]
					},
					{
						"time": 1.7,
						"x": -20.31,
						"y": -11.38,
						"curve": [ 1.738, -20.91, 1.779, -17.19, 1.728, -7.27, 1.775, -3.77 ]
					},
					{ "time": 1.8, "x": -13.1, "y": -3.77 }
				],
				"scale": [
					{
						"curve": [ 0.086, 1, 0.189, 1, 0.086, 1, 0.189, 0.799 ]
					},
					{
						"time": 0.3,
						"y": 0.799,
						"curve": [ 0.415, 1, 0.54, 1.16, 0.415, 0.799, 0.54, 0.994 ]
					},
					{
						"time": 0.6667,
						"x": 1.16,
						"y": 1.053,
						"curve": [ 0.745, 1.16, 0.822, 1, 0.745, 1.088, 0.822, 1 ]
					},
					{ "time": 0.9 }
				]
			},
			"butt": {
				"translate": [
					{},
					{ "time": 0.2333, "x": -11.47, "y": 1.19 },
					{ "time": 0.5, "x": -24.61, "y": -1.65 },
					{ "time": 0.7667, "x": 13.32, "y": -51.57 },
					{ "time": 0.9, "x": 15.89, "y": -41.89 },
					{ "time": 1.1333, "x": 1.3, "y": -33.7 },
					{ "time": 1.3333, "x": 0.4, "y": -25.95 },
					{ "time": 1.8 }
				]
			},
			"front-arm-ik1": {
				"rotate": [
					{
						"value": -5.97,
						"curve": [ 0.143, -5.97, 0.347, 7.38 ]
					},
					{
						"time": 0.5333,
						"value": 7.29,
						"curve": [ 0.653, 7.23, 0.776, -11.37 ]
					},
					{
						"time": 0.9,
						"value": -11.37,
						"curve": [ 1.161, -11.37, 1.193, 6.88 ]
					},
					{
						"time": 1.4,
						"value": 7.29,
						"curve": [ 1.52, 7.52, 1.575, -5.97 ]
					},
					{ "time": 1.8, "value": -5.97 }
				],
				"translate": [
					{
						"x": 2.29,
						"y": 1.79,
						"curve": [ 0.131, 2.29, 0.339, 8.51, 0.131, 1.79, 0.339, 5.16 ]
					},
					{
						"time": 0.5333,
						"x": 8.51,
						"y": 5.16,
						"curve": [ 0.673, 8.51, 0.808, 2.29, 0.673, 5.16, 0.808, 1.79 ]
					},
					{
						"time": 0.9,
						"x": 2.29,
						"y": 1.79,
						"curve": [ 1.031, 2.29, 1.239, 8.51, 1.031, 1.79, 1.239, 5.16 ]
					},
					{
						"time": 1.4333,
						"x": 8.51,
						"y": 5.16,
						"curve": [ 1.573, 8.51, 1.706, 2.29, 1.573, 5.16, 1.706, 1.79 ]
					},
					{ "time": 1.8, "x": 2.29, "y": 1.79 }
				]
			},
			"front-arm-ik2": {
				"rotate": [
					{
						"value": 53,
						"curve": [ 0.019, 48.82, 0.104, 20.3 ]
					},
					{
						"time": 0.2,
						"value": 20.16,
						"curve": [ 0.284, 20.04, 0.5, 39.81 ]
					},
					{
						"time": 0.5333,
						"value": 44.12,
						"curve": [ 0.583, 50.5, 0.682, 78.41 ]
					},
					{
						"time": 0.7333,
						"value": 78.53,
						"curve": [ 0.805, 78.7, 0.887, 55.58 ]
					},
					{
						"time": 0.9,
						"value": 53.25,
						"curve": [ 0.933, 47.06, 0.994, 20.59 ]
					},
					{
						"time": 1.0667,
						"value": 20.46,
						"curve": [ 1.136, 20.34, 1.35, 38.39 ]
					},
					{
						"time": 1.3667,
						"value": 44.24,
						"curve": [ 1.383, 49.69, 1.459, 78.6 ]
					},
					{
						"time": 1.5333,
						"value": 78.58,
						"curve": [ 1.674, 78.53, 1.733, 67.46 ]
					},
					{ "time": 1.8, "value": 53 }
				],
				"translate": [
					{
						"x": 10.24,
						"y": 19.21,
						"curve": [ 0.342, 10.24, 0.487, -18.39, 0.342, 19.21, 0.487, -6.28 ]
					},
					{
						"time": 0.6667,
						"x": -18.39,
						"y": -6.28,
						"curve": [ 0.725, -18.39, 0.818, 10.62, 0.725, -6.28, 0.846, 19.21 ]
					},
					{
						"time": 0.9,
						"x": 10.24,
						"y": 19.21,
						"curve": [ 1.125, 9.2, 1.287, -18.65, 1.125, 19.21, 1.287, -6.28 ]
					},
					{
						"time": 1.4667,
						"x": -18.65,
						"y": -6.28,
						"curve": [ 1.525, -18.65, 1.648, 8.34, 1.525, -6.28, 1.692, 18.83 ]
					},
					{ "time": 1.8, "x": 10.24, "y": 19.21 }
				]
			},
			"back-arm5": {
				"rotate": [
					{
						"value": -14.99,
						"curve": [ 0.057, -10.64, 0.126, 32.64 ]
					},
					{
						"time": 0.1667,
						"value": 37.97,
						"curve": [ 0.231, 44.18, 0.396, 39.19 ]
					},
					{
						"time": 0.4667,
						"value": 32.19,
						"curve": [ 0.559, 23.04, 0.654, -66.69 ]
					},
					{
						"time": 0.7,
						"value": -66.37,
						"curve": [ 0.788, -65.76, 0.874, -25.82 ]
					},
					{
						"time": 0.9,
						"value": -19.97,
						"curve": [ 0.955, -7.73, 1.05, 14.08 ]
					},
					{
						"time": 1.0667,
						"value": 16.08,
						"curve": [ 1.107, 20.81, 1.197, 32.54 ]
					},
					{
						"time": 1.3333,
						"value": 32.59,
						"curve": [ 1.45, 32.63, 1.504, -28.89 ]
					},
					{
						"time": 1.5333,
						"value": -28.95,
						"curve": [ 1.627, -29.13, 1.774, -17.04 ]
					},
					{ "time": 1.8, "value": -14.99 }
				]
			},
			"front-arm5": {
				"rotate": [
					{
						"value": -42.24,
						"curve": [ 0.065, -42.24, 0.148, -21.72 ]
					},
					{
						"time": 0.2333,
						"value": -21.2,
						"curve": [ 0.338, -20.58, 0.483, -32.48 ]
					},
					{
						"time": 0.5333,
						"value": -34.22,
						"curve": [ 0.637, -37.8, 0.776, -41.94 ]
					},
					{
						"time": 0.9,
						"value": -41.94,
						"curve": [ 0.98, -41.94, 1.056, -22.13 ]
					},
					{
						"time": 1.1,
						"value": -22.01,
						"curve": [ 1.22, -21.67, 1.363, -32.31 ]
					},
					{
						"time": 1.4,
						"value": -34.22,
						"curve": [ 1.45, -36.76, 1.7, -42.24 ]
					},
					{ "time": 1.8, "value": -42.24 }
				]
			},
			"back-arm-ik2": {
				"rotate": [
					{
						"value": 33.48,
						"curve": [ 0.064, 29.9, 0.115, 25.79 ]
					},
					{
						"time": 0.1333,
						"value": 21.98,
						"curve": [ 0.173, 13.22, 0.244, -2.66 ]
					},
					{
						"time": 0.3667,
						"value": -2.83,
						"curve": [ 0.538, -3.05, 0.6, 41.5 ]
					},
					{
						"time": 0.6667,
						"value": 41.5,
						"curve": [ 0.826, 41.5, 0.996, 29.1 ]
					},
					{
						"time": 1.0333,
						"value": 21.98,
						"curve": [ 1.081, 12.92, 1.14, -2.25 ]
					},
					{
						"time": 1.2333,
						"value": -2.11,
						"curve": [ 1.332, -1.96, 1.424, 43.13 ]
					},
					{
						"time": 1.5,
						"value": 43.13,
						"curve": [ 1.58, 43.13, 1.704, 38.93 ]
					},
					{ "time": 1.8, "value": 33.48 }
				],
				"translate": [
					{
						"x": 32.39,
						"y": 22.46,
						"curve": [ 0.072, 48.13, 0.149, 74.32, 0.086, 25.73, 0.149, 26.68 ]
					},
					{
						"time": 0.2333,
						"x": 74.32,
						"y": 26.68,
						"curve": [ 0.337, 74.32, 0.41, -17.47, 0.337, 26.68, 0.45, 1.89 ]
					},
					{
						"time": 0.5667,
						"x": -18.45,
						"y": 0.79,
						"curve": [ 0.653, -18.99, 0.868, 24.32, 0.675, -0.22, 0.824, 18.92 ]
					},
					{
						"time": 0.9,
						"x": 32.39,
						"y": 22.46,
						"curve": [ 0.943, 43.38, 1.049, 74.32, 0.983, 26.32, 1.049, 26.68 ]
					},
					{
						"time": 1.1333,
						"x": 74.32,
						"y": 26.68,
						"curve": [ 1.237, 74.32, 1.311, -19.86, 1.237, 26.68, 1.35, 1.89 ]
					},
					{
						"time": 1.4667,
						"x": -18.45,
						"y": 0.79,
						"curve": [ 1.604, -17.21, 1.73, 13.67, 1.575, -0.22, 1.691, 14.44 ]
					},
					{ "time": 1.8, "x": 32.39, "y": 22.46 }
				]
			},
			"back-arm-ik1": {
				"rotate": [
					{
						"value": 22.62,
						"curve": [ 0.076, 9.7, 0.15, -2.57 ]
					},
					{
						"time": 0.2,
						"value": -2.57,
						"curve": [ 0.333, -2.57, 0.6, 49.22 ]
					},
					{
						"time": 0.7333,
						"value": 49.22,
						"curve": [ 0.825, 49.22, 1.008, -2.57 ]
					},
					{
						"time": 1.1,
						"value": -2.57,
						"curve": [ 1.217, -2.57, 1.45, 53.51 ]
					},
					{
						"time": 1.5667,
						"value": 53.51,
						"curve": [ 1.625, 53.51, 1.714, 37.59 ]
					},
					{ "time": 1.8, "value": 22.62 }
				]
			}
		},
		"ik": {
			"back-arm-ik": [
				{ "mix": 0 }
			],
			"front-arm-ik": [
				{ "mix": 0 }
			]
		},
		"deform": {
			"default": {
				"back-leg-path": {
					"back-leg-path": [
						{
							"curve": [ 0.158, 0, 0.475, 1 ]
						},
						{
							"time": 0.6333,
							"offset": 6,
							"vertices": [ 7.58212, 6.44012, -6.24036, 7.74866, 0, 0, 0, 0, -8.65305, -6.0506, 5.82422, -8.80603 ],
							"curve": [ 0.771, 0, 1.005, 0.48 ]
						},
						{
							"time": 1.2,
							"offset": 6,
							"vertices": [ 1.75757, 1.49285, -1.44654, 1.79617, 0, 0, 0, 0, -2.00581, -1.40255, 1.35008, -2.04128 ],
							"curve": [ 1.215, 0, 1.225, 0.03 ]
						},
						{
							"time": 1.2333,
							"offset": 6,
							"vertices": [ 11.07889, 9.19726, -3.09299, 13.71402, 9.39429, 7.76639, -1.7065, 11.99242, 7.47175, 6.42206, -0.41247, 10.03589 ],
							"curve": [ 1.246, 0.12, 1.254, 0.27 ]
						},
						{
							"time": 1.2667,
							"offset": 6,
							"vertices": [ 10.10474, 8.7463, -2.36874, 12.63447, 8.81438, 7.65029, -1.30674, 11.31577, 7.34177, 6.62058, -0.31555, 9.81713 ],
							"curve": [ 1.275, 0.62, 1.286, 0.79 ]
						},
						{
							"time": 1.3,
							"offset": 6,
							"vertices": [ 3.4599, -0.42859, 1.07778, 1.47922, 2.60141, -1.15778, 1.78435, 0.60187, 1.62166, -1.84286, 2.4438, -0.3952 ],
							"curve": [ 1.354, 0.76, 1.414, 1 ]
						},
						{
							"time": 1.4333,
							"offset": 6,
							"vertices": [ -4.08505, -24.14874, 13.996, -20.09798, -4.08505, -24.14874, 13.996, -20.09798, -4.08505, -24.14874, 13.996, -20.09798 ]
						},
						{
							"time": 1.5,
							"vertices": [ 4.67719, -35.44354, 0, 0, -11.37146, 49.53738, 17.39343, -2.33365, 4.23248, 5.68374, -9.56653, -24.74756, 11.45203, -23.93552, -27.49841, -64.4725, 35.55432, -56.67893, 34.69244, -51.5341, 0, 0, 13.30164, -100.17206 ]
						},
						{
							"time": 1.5333,
							"vertices": [ 1.85684, -28.94159, 0, 0, -12.58768, 38.57599, 11.30969, 16.17496, -13.13428, 1.4907, -12.13364, -13.87851, 4.3075, -20.49398, -34.95135, -45.73811, 21.12878, -45.5335, 30.62613, -45.13649, 0, 0, -0.15961, -190.51059 ]
						},
						{
							"time": 1.5667,
							"vertices": [ -0.9635, -22.43964, 0, 0, -13.80389, 27.61459, 1.79449, 28.22318, -27.06714, -9.07224, -6.2052, -1.21002, 1.34003, -9.39124, -24.41541, -19.97638, 12.56061, -16.52356, 26.55981, -38.73888, 0, 0, -13.62085, -280.84912 ]
						},
						{
							"time": 1.6,
							"vertices": [ -0.64233, -14.95974, 0, 0, -9.20259, 18.40971, 13.73107, 41.19725, -42.90586, -9.10037, 4.13583, -3.71808, 4.12607, -1.04554, -17.52923, -15.07591, 15.79826, -11.47559, 17.70652, -25.82589, 0, 0, -9.08056, -187.23253 ]
						},
						{
							"time": 1.6333,
							"vertices": [ -0.32117, -7.47987, 0, 0, -4.60129, 9.20485, 3.14877, 52.3598, -63.25818, -29.05335, -8.042, -8.03761, 2.39843, -12.62472, -33.16191, -11.98693, 14.52224, -26.35249, 8.85326, -12.91294, 0, 0, -4.54028, -93.61627 ]
						},
						{ "time": 1.6667 }
					]
				},
				"front-leg-path": {
					"front-leg-path": [
						{
							"curve": [ 0.075, 0, 0.189, 0.28 ]
						},
						{
							"time": 0.3,
							"vertices": [ 0.05087, -3.38688, 0, 0, 1.38452, 5.97834, -14.9041, 2.01206, 1.44487, -6.80281, -14.9041, 2.01206, 1.44487, -6.80281, -14.9041, 2.01206, 1.44487, -6.80281 ],
							"curve": [ 0.323, 0.2, 0.345, 0.35 ]
						},
						{
							"time": 0.3667,
							"vertices": [ 0.07139, -4.75271, 0, 0, 1.94286, 8.38924, 4.65956, 20.90988, -6.00341, 18.98861, -0.14155, 20.92476, -9.36768, 15.5653, -12.20349, 23.97896, -19.98153, 9.06929 ],
							"curve": [ 0.39, 0.31, 0.412, 0.53 ]
						},
						{
							"time": 0.4333,
							"vertices": [ 0.08487, -5.65058, 0, 0, 2.3099, 9.97411, 6.09287, 20.58425, -8.39331, 19.11554, -1.86437, 20.6089, -13.96917, 13.44183, -21.85559, 25.6709, -31.56034, 2.67548 ],
							"curve": [ 0.438, 0.32, 0.451, 0.54 ]
						},
						{
							"time": 0.4667,
							"vertices": [ 0.09099, -6.05806, 0, 0, 2.47648, 10.69338, 6.80647, 9.95062, -1.39596, 12.12401, -2.58313, 9.97971, -7.97551, 5.429, -26.17287, 15.95288, -28.7332, -7.27536 ],
							"curve": [ 0.491, 0.92, 0.521, 0.99 ]
						},
						{
							"time": 0.5333,
							"vertices": [ 0.0938, -6.24474, 0, 0, 2.55279, 11.0229, 3.37726, -9.77658, 9.35123, -4.41786, -6.66855, -9.74546, 2.31187, -11.58077, -31.90691, -3.35485, -19.89651, -25.173 ],
							"curve": [ 0.54, 0.52, 0.553, 0.77 ]
						},
						{
							"time": 0.5667,
							"vertices": [ 0.12554, -7.9214, 0, 0, 0.6047, 13.76218, 28.2061, -4.72442, -24.72498, -10.04851, -1.08998, -15.00371, 3.89968, -14.73675, -45.72995, -9.44002, -7.51602, -33.5578, 22.59846, -13.40422, 0, 0, -21.81488, -287.65363 ],
							"curve": [ 0.579, 1, 0.592, 1 ]
						},
						{
							"time": 0.6,
							"vertices": [ 0.12969, -8.14021, 0, 0, 0.35046, 14.11967, 49.51149, 65.25623, -80.01971, 39.68078, -0.36196, -15.68993, 4.10689, -15.14861, -62.03986, -28.71517, 2.78595, -56.47927, 41.45007, -31.91446, 0, 0, -19.75009, -6.99966 ]
						},
						{
							"time": 0.6333,
							"vertices": [ 0.16366, -9.90768, 0, 0, -1.90419, 16.9905, 99.3634, 33.16509, -81.26534, 35.35141, -0.72391, -31.37989, 8.2138, -30.29725, -84.11658, -22.14578, -6.24997, -61.22949, 46.91129, -33.41971, 0, 0, -31.98465, -262.01813 ]
						},
						{
							"time": 0.6667,
							"vertices": [ 0.18382, -11.1283, 0, 0, -2.13879, 19.08371, 85.97569, 24.69115, -94.39235, -5.64914, 3.63728, -14.95789, -10.54588, -27.66409, -78.76755, -2.82176, -20.92926, -42.81331, 26.18336, -20.74105, 0, 0, -159.67368, -300.67038 ]
						},
						{
							"time": 0.7,
							"vertices": [ 0.20398, -12.34892, 0, 0, -2.37338, 21.17692, 70.14705, -52.80042, -51.24022, -73.25025, 20.8386, -23.27967, -12.66359, -23.66, -39.22493, -9.41795, -5.46658, 10.6813, 1.18861, 10.38911, 0, 0, -400.93036, -315.42963 ]
						},
						{
							"time": 0.7333,
							"vertices": [ 0.13599, -8.23261, 0, 0, -1.58226, 14.11795, 46.76473, -35.2003, -34.16017, -48.83353, 13.89241, -15.51979, -8.4424, -15.77335, -26.14997, -6.27864, -3.64439, 7.12087, 0.8908, 26.32127, 0, 0, -439.48523, -177.52177 ]
						},
						{
							"time": 0.7667,
							"vertices": [ 0.06799, -4.11631, 0, 0, -0.79113, 7.05898, 23.38236, -17.60015, -17.08008, -24.41677, 6.94621, -7.7599, -4.2212, -7.88667, -13.07498, -3.13932, -1.8222, 3.56044, 6.0198, 23.00182, 0, 0, -365.68442, -226.89883 ]
						},
						{ "time": 0.8, "curve": "stepped" },
						{ "time": 1.1 },
						{
							"time": 1.3,
							"offset": 6,
							"vertices": [ 22.24737, 20.71245, -17.43828, 31.85296, 22.24737, 20.71245, -17.43828, 31.85296, 22.24737, 20.71245, -17.43828, 31.85296 ]
						},
						{
							"time": 1.4333,
							"offset": 6,
							"vertices": [ 50.92273, 30.30164, -15.21045, 57.26978, 50.92273, 30.30164, -15.21045, 57.26978, 50.92273, 30.30164, -15.21045, 57.26978 ]
						},
						{ "time": 1.8 }
					]
				}
			}
		}
	}
}
}