{
"skeleton": {
	"hash": "dGMI1oAkl8o",
	"spine": "4.0.31",
	"x": -214.04,
	"y": -80.91,
	"width": 519.95,
	"height": 542.35,
	"images": "./images/",
	"audio": ""
},
"bones": [
	{ "name": "root" },
	{ "name": "arrowOrigin", "parent": "root", "x": 173, "y": 292 },
	{ "name": "arrowX", "parent": "arrowOrigin", "length": 71.45, "rotation": -4.7, "x": 47.68, "y": -3.92 },
	{ "name": "arrowY", "parent": "arrowOrigin", "length": 71.45, "rotation": 49.82, "x": 37.77, "y": 44.73 },
	{
		"name": "hip",
		"parent": "root",
		"length": 68.61,
		"rotation": -171.49,
		"x": -19.91,
		"y": 151.38,
		"color": "ffe941ff"
	},
	{ "name": "lumbar", "parent": "hip", "length": 33.93, "rotation": -97.89, "x": 0.08, "y": -4.74 },
	{ "name": "thorax", "parent": "lumbar", "length": 54.39, "rotation": -18.29, "x": 35.09, "y": -0.81 },
	{ "name": "head", "parent": "thorax", "length": 14.3, "rotation": 6.59, "x": 70.11, "y": -1.78 },
	{ "name": "browL", "parent": "head", "length": 31.38, "rotation": -58.18, "x": 128.48, "y": -11.41 },
	{ "name": "browR", "parent": "head", "length": 26.75, "rotation": 65.12, "x": 121.67, "y": 39.52 },
	{ "name": "eyelids", "parent": "head", "length": 14.97, "rotation": -82.34, "x": 79.12, "y": 8.19 },
	{ "name": "femurL", "parent": "hip", "length": 92.97, "rotation": 125.21, "x": -52.78, "y": 39.87 },
	{ "name": "femurR", "parent": "hip", "length": 45.3, "rotation": 53.25, "x": 43.53, "y": 43.46 },
	{ "name": "tibiaL", "parent": "femurL", "length": 83.01, "rotation": -24.72, "x": 107.79, "y": -1.32 },
	{ "name": "footL", "parent": "tibiaL", "length": 54.47, "rotation": 37.78, "x": 82.84, "y": -20.62 },
	{ "name": "hairL1", "parent": "head", "length": 27.51, "rotation": -150.59, "x": 179.86, "y": -9.58 },
	{ "name": "hairL2", "parent": "head", "length": 35.09, "rotation": -135.33, "x": 173.51, "y": -26.26 },
	{ "name": "hairL2 2", "parent": "hairL2", "length": 32.49, "rotation": 17.32, "x": 37.69, "y": -0.63 },
	{ "name": "hairM", "parent": "head", "length": 25.82, "rotation": -173.34, "x": 182.69, "y": 31.1 },
	{ "name": "hairML", "parent": "hairM", "length": 46.42, "rotation": 32.58, "x": 13.83, "y": 24.12 },
	{ "name": "hairMR", "parent": "hairM", "length": 44.06, "rotation": -6.42, "x": 17, "y": -28.45 },
	{ "name": "hairR1", "parent": "head", "length": 43.16, "rotation": -178.9, "x": 157.16, "y": 74.62 },
	{ "name": "hairR2", "parent": "head", "length": 49.33, "rotation": 157.66, "x": 179.92, "y": 62.62 },
	{ "name": "hairR2 2", "parent": "hairR2", "length": 28.91, "rotation": -50.6, "x": 45.75, "y": -13.91 },
	{ "name": "hairSide", "parent": "head", "length": 33.34, "rotation": 94.95, "x": 47.44, "y": -92.9 },
	{ "name": "humerusL", "parent": "thorax", "length": 73.49, "rotation": -65.22, "x": 41.33, "y": -55.51 },
	{ "name": "radiusL", "parent": "humerusL", "length": 65.38, "rotation": 43.12, "x": 75.72, "y": 1.84 },
	{ "name": "handL", "parent": "radiusL", "rotation": -52.7, "x": 80.44, "y": 2.07 },
	{ "name": "humerusR", "parent": "thorax", "length": 55.73, "rotation": 137.39, "x": 23.09, "y": 29.14 },
	{ "name": "radiusR", "parent": "humerusR", "length": 47.29, "rotation": 4.01, "x": 58.88 },
	{ "name": "handR", "parent": "radiusR", "x": 54.02, "y": -1.07 },
	{ "name": "handleCenterTargetR", "parent": "handR", "rotation": -89.01, "x": 18.07, "y": 0.07, "color": "ff0000ff" },
	{ "name": "indexL", "parent": "handL", "length": 22.01, "rotation": 99.18, "x": -13.08, "y": 20.89 },
	{ "name": "indexR", "parent": "handR", "length": 18.01, "rotation": -11.04, "x": 6.83, "y": -13.86 },
	{ "name": "irisL", "parent": "head", "rotation": -79.01, "x": 82.71, "y": -29.95 },
	{ "name": "irisR", "parent": "head", "rotation": -79.01, "x": 72.86, "y": 40.02 },
	{ "name": "middleL", "parent": "handL", "length": 23.21, "rotation": 75.15, "x": 4.54, "y": 20.97 },
	{ "name": "middleR", "parent": "handR", "length": 19.24, "rotation": -23.52, "x": -3.31, "y": -17.06 },
	{ "name": "mouth", "parent": "head", "rotation": -77.99, "x": 28.06, "y": 0.81 },
	{ "name": "mouth opening", "parent": "mouth" },
	{ "name": "pinkyL", "parent": "handL", "length": 12.17, "rotation": 37.79, "x": 22.03, "y": -15.2 },
	{ "name": "pinkyR", "parent": "handR", "length": 20.98, "rotation": -38.56, "x": -15.18, "y": -0.62 },
	{ "name": "pony1 1", "parent": "head", "length": 26.79, "rotation": -127.22, "x": 3.24, "y": -49.43 },
	{ "name": "pony1 2", "parent": "pony1 1", "length": 20.86, "rotation": -14.71, "x": 29.89, "y": -1.1 },
	{ "name": "pony1 3L", "parent": "pony1 2", "length": 36.26, "rotation": -26.46, "x": 27.66, "y": -8.16 },
	{ "name": "pony1 3R", "parent": "pony1 2", "length": 37.66, "rotation": -2.95, "x": 34.02, "y": 6.79 },
	{ "name": "pony2 1", "parent": "head", "length": 22.09, "rotation": -126.98, "x": 12.68, "y": -53.87 },
	{ "name": "pony2 2", "parent": "pony2 1", "length": 24.32, "rotation": 2.09, "x": 25.67, "y": -0.29 },
	{ "name": "pony2 3L", "parent": "pony2 2", "length": 33.38, "rotation": -9.21, "x": 31.31, "y": -1.22 },
	{ "name": "pony2 3R", "parent": "pony2 2", "length": 43.41, "rotation": 15.37, "x": 27.71, "y": 0.83 },
	{ "name": "ringL", "parent": "handL", "length": 15.27, "rotation": 62.01, "x": 21.05, "y": 12.51 },
	{ "name": "ringR", "parent": "handR", "length": 18.12, "rotation": -31.44, "x": -10.21, "y": -16.04 },
	{
		"name": "rotateHandle",
		"parent": "root",
		"length": 55.28,
		"rotation": 124.8,
		"x": -152.64,
		"y": 153.45,
		"color": "ff0000ff"
	},
	{ "name": "rs", "parent": "rotateHandle", "scaleX": 1.295, "scaleY": 0.768, "color": "ff0000ff" },
	{ "name": "rr", "parent": "rs", "color": "ff0000ff" },
	{
		"name": "strap anchor",
		"parent": "hip",
		"length": 31.95,
		"rotation": -85.1,
		"x": 2.3,
		"y": 43.77,
		"color": "ff702eff"
	},
	{
		"name": "strap tie",
		"parent": "thorax",
		"length": 32.33,
		"rotation": 174.59,
		"x": 48.07,
		"y": 9.54,
		"color": "ff702eff"
	},
	{ "name": "thumbL", "parent": "handL", "length": 16.61, "rotation": 150.77, "x": -29.83, "y": -12.11 },
	{ "name": "thumbR", "parent": "handR", "length": 20.57, "rotation": -7.45, "x": 4.36, "y": 18.56 },
	{ "name": "tibiaR", "parent": "femurR", "length": 42.32, "rotation": 106.19, "x": 52.55, "y": 9.88 }
],
"slots": [
	{ "name": "rotate", "bone": "rr", "attachment": "rotate" },
	{ "name": "pony2", "bone": "pony2 1", "attachment": "pony2" },
	{ "name": "pony1", "bone": "pony1 1", "attachment": "pony1" },
	{ "name": "head", "bone": "head", "attachment": "head" },
	{ "name": "inmouth", "bone": "mouth", "attachment": "inmouth" },
	{ "name": "mouth", "bone": "mouth opening", "attachment": "mouth" },
	{ "name": "irisL", "bone": "irisL", "attachment": "irisL" },
	{ "name": "irisR", "bone": "irisR", "attachment": "irisR" },
	{ "name": "eyelids open", "bone": "eyelids", "attachment": "eyelids open" },
	{ "name": "irisR spec", "bone": "irisR", "attachment": "irisR spec" },
	{ "name": "irisR flatspec", "bone": "irisR", "attachment": "irisR flatspec" },
	{ "name": "irisL flatspec", "bone": "irisL", "attachment": "irisL flatspec" },
	{ "name": "irisL spec", "bone": "irisL", "attachment": "irisL spec" },
	{ "name": "eyelids closed", "bone": "eyelids" },
	{ "name": "nose", "bone": "head", "attachment": "nose" },
	{ "name": "browR", "bone": "browR", "attachment": "browR" },
	{ "name": "browL", "bone": "browL", "attachment": "browL" },
	{ "name": "hairR2", "bone": "hairR2", "attachment": "hairR2" },
	{ "name": "hairL2", "bone": "hairL2", "attachment": "hairL2" },
	{ "name": "hairL", "bone": "hairL1", "attachment": "hairL" },
	{ "name": "hairR", "bone": "hairR1", "attachment": "hairR" },
	{ "name": "hairM", "bone": "hairM", "attachment": "hairM" },
	{ "name": "hairM blobS", "bone": "hairM", "attachment": "hairM blobS" },
	{ "name": "hairM blob", "bone": "hairM", "attachment": "hairM blob" },
	{ "name": "hairSide", "bone": "hairSide", "attachment": "hairSide" },
	{ "name": "thumbR", "bone": "thumbR", "attachment": "thumbR" },
	{ "name": "pinkyR", "bone": "pinkyR", "attachment": "middleR" },
	{ "name": "ringR", "bone": "ringR", "attachment": "indexR" },
	{ "name": "middleR", "bone": "middleR", "attachment": "middleR" },
	{ "name": "indexR", "bone": "indexR", "attachment": "indexR" },
	{ "name": "armR", "bone": "humerusR", "attachment": "armR" },
	{ "name": "bootR", "bone": "tibiaR", "attachment": "bootR" },
	{ "name": "body", "bone": "hip", "attachment": "body" },
	{ "name": "strap", "bone": "strap anchor", "attachment": "strap" },
	{ "name": "armL", "bone": "humerusL", "attachment": "armL" },
	{ "name": "thumbL", "bone": "thumbL", "attachment": "thumbL" },
	{ "name": "indexL", "bone": "indexL", "attachment": "indexL" },
	{ "name": "middleL", "bone": "middleL", "attachment": "middleL" },
	{ "name": "ringL", "bone": "ringL", "attachment": "ringL" },
	{ "name": "pinkyL", "bone": "pinkyL", "attachment": "pinkyL" },
	{ "name": "arrowY", "bone": "arrowY", "attachment": "arrowY" },
	{ "name": "arrowX", "bone": "arrowX", "attachment": "arrowX" }
],
"transform": [
	{
		"name": "rotateHandleTarget",
		"order": 1,
		"bones": [ "rotateHandle" ],
		"target": "handleCenterTargetR"
	},
	{
		"name": "translateHandleTarget",
		"bones": [ "arrowOrigin" ],
		"target": "handL",
		"mixRotate": 0
	}
],
"skins": [
	{
		"name": "default",
		"attachments": {
			"armL": {
				"armL": {
					"type": "mesh",
					"uvs": [ 0, 0.53854, 0.04432, 0.51805, 0.12166, 0.54623, 0.18646, 0.55904, 0.30561, 0.55904, 0.3934, 0.54111, 0.46656, 0.44376, 0.51882, 0.33872, 0.57944, 0.20807, 0.6317, 0.09023, 0.71322, 0.02618, 0.79683, 5.6E-4, 0.91598, 0.01081, 0.98914, 0.11585, 1, 0.2798, 0.99332, 0.41045, 0.95779, 0.54623, 0.87627, 0.69994, 0.79265, 0.80497, 0.65887, 0.88439, 0.47702, 0.94843, 0.3077, 0.97405, 0.17601, 0.97149, 0.11748, 0.9843, 0.0715, 0.99967, 0.03387, 0.95356, 0, 0.85621, 0, 0.64614, 0.17852, 0.72843, 0.42193, 0.62879, 0.64363, 0.53196, 0.79942, 0.13446, 0.60451, 0.76196, 0.36098, 0.8355, 0.76897, 0.34426, 0.84802, 0.50654 ],
					"triangles": [ 30, 34, 35, 35, 34, 15, 34, 8, 31, 15, 34, 14, 31, 11, 12, 31, 12, 13, 10, 11, 31, 31, 13, 14, 31, 9, 10, 34, 31, 14, 31, 8, 9, 16, 35, 15, 7, 8, 34, 17, 35, 16, 17, 30, 35, 6, 7, 30, 29, 6, 30, 30, 17, 32, 18, 32, 17, 30, 7, 34, 32, 29, 30, 19, 32, 18, 29, 4, 5, 28, 2, 3, 27, 2, 28, 4, 29, 28, 28, 3, 4, 29, 33, 28, 20, 33, 32, 20, 32, 19, 28, 22, 26, 22, 28, 33, 21, 22, 33, 21, 33, 20, 22, 23, 26, 33, 29, 32, 29, 5, 6, 27, 0, 1, 27, 1, 2, 26, 27, 28, 26, 23, 25, 24, 25, 23 ],
					"vertices": [ 1, 6, 72.47, -38.63, 1, 1, 6, 77.26, -44.69, 1, 3, 6, 77.5, -57.84, 0.168, 25, 17.28, 31.86, 0.82721, 26, -22.11, 61.88, 0.00479, 2, 25, 27.54, 28.85, 0.95931, 26, -16.68, 52.66, 0.04069, 2, 25, 46.81, 26.43, 0.89979, 26, -4.28, 37.72, 0.10021, 2, 25, 61.31, 27.01, 0.58208, 26, 6.69, 28.23, 0.41792, 3, 25, 74.75, 38.36, 0.24874, 26, 24.27, 27.32, 0.62044, 27, -54.14, -29.38, 0.13082, 2, 26, 40.46, 29.68, 0.60755, 27, -46.2, -15.07, 0.39245, 1, 27, -37.05, 2.7, 1, 1, 27, -29.19, 18.72, 1, 1, 27, -16.26, 27.78, 1, 1, 27, -2.78, 31.75, 1, 1, 27, 16.68, 31.19, 1, 2, 26, 112.22, -10.39, 0.0032, 27, 29.17, 17.73, 0.9968, 1, 27, 31.85, -3.99, 1, 1, 27, 31.48, -21.4, 1, 2, 26, 64.91, -43, 0.34301, 27, 26.44, -39.68, 0.65699, 3, 25, 136.75, -3.78, 0.00362, 26, 40.69, -45.83, 0.69389, 27, 14.01, -60.66, 0.30249, 3, 25, 121.49, -15.94, 0.19497, 26, 21.24, -44.26, 0.50686, 27, 0.97, -75.19, 0.29816, 2, 25, 98.53, -23.69, 0.6028, 26, -0.81, -34.23, 0.3972, 2, 25, 68.06, -28.44, 0.98197, 26, -26.3, -16.85, 0.01803, 1, 25, 40.26, -28.38, 1, 1, 25, 19, -25.36, 1, 2, 6, 21.77, -74.81, 0.176, 25, 9.32, -25.86, 0.824, 1, 6, 17.55, -68.28, 1, 1, 6, 21.54, -60.58, 1, 1, 6, 32.21, -51.4, 1, 1, 6, 58.84, -42.96, 1, 2, 25, 23.44, 6.66, 0.99126, 26, -34.84, 39.27, 0.00874, 2, 25, 64.46, 14.86, 0.69542, 26, 0.69, 17.2, 0.30458, 2, 26, 33.67, -2.38, 0.736, 27, -24.81, -39.91, 0.264, 1, 27, -1.63, 13.97, 1, 2, 25, 91.78, -6.43, 0.73823, 26, 6.06, -17.01, 0.26177, 1, 25, 51.17, -11.18, 1, 2, 26, 65.93, -2.17, 0.336, 27, -5.43, -14.12, 0.664, 1, 27, 8.34, -35.15, 1 ],
					"hull": 28,
					"edges": [ 0, 2, 2, 4, 4, 6, 6, 8, 8, 10, 10, 12, 12, 14, 14, 16, 16, 18, 18, 20, 20, 22, 22, 24, 24, 26, 26, 28, 28, 30, 30, 32, 32, 34, 34, 36, 36, 38, 38, 40, 40, 42, 42, 44, 44, 46, 46, 48, 48, 50, 50, 52, 52, 54, 54, 0 ],
					"width": 163,
					"height": 133
				}
			},
			"armR": {
				"armR": {
					"type": "mesh",
					"uvs": [ 0, 0.7003, 0.04189, 0.50764, 0.19979, 0.38838, 0.34264, 0.32186, 0.43475, 0.29663, 0.53625, 0.22553, 0.7543, 0.06728, 0.88212, 0, 0.9761, 0.02829, 1, 0.22324, 0.96294, 0.3448, 0.86708, 0.46636, 0.68663, 0.60397, 0.60016, 0.67966, 0.51558, 0.75535, 0.39152, 0.86315, 0.27685, 0.97095, 0.18663, 1, 0.08701, 0.96177, 0.03061, 0.87232, 0, 0.79434, 0.13964, 0.63838, 0.30505, 0.50764, 0.47422, 0.41819, 0.62648, 0.3104, 0.81069, 0.16131, 0.16783, 0.86315, 0.27685, 0.74159, 0.44039, 0.60627, 0.6152, 0.48012, 0.77122, 0.34251, 0.90843, 0.23471 ],
					"triangles": [ 12, 13, 29, 28, 23, 29, 12, 29, 11, 29, 30, 11, 29, 24, 30, 29, 23, 24, 11, 30, 10, 24, 4, 5, 24, 23, 4, 30, 31, 10, 10, 31, 9, 30, 25, 31, 30, 24, 25, 25, 24, 6, 31, 25, 8, 31, 8, 9, 8, 25, 7, 24, 5, 6, 25, 6, 7, 16, 17, 26, 17, 18, 26, 16, 26, 15, 18, 19, 26, 19, 20, 26, 26, 27, 15, 15, 27, 14, 20, 21, 26, 26, 21, 27, 20, 0, 21, 27, 28, 14, 14, 28, 13, 27, 22, 28, 27, 21, 22, 0, 1, 21, 21, 2, 22, 21, 1, 2, 13, 28, 29, 28, 22, 23, 23, 3, 4, 23, 22, 3, 22, 2, 3 ],
					"vertices": [ 1, 29, 65.41, -17.73, 1, 1, 29, 49.1, -32.08, 1, 2, 29, 24.42, -31.2, 0.99893, 28, 85.42, -29.42, 0.00107, 2, 29, 4.59, -26.66, 0.85664, 28, 65.32, -26.27, 0.14336, 2, 29, -7.12, -22.13, 0.48401, 28, 53.33, -22.57, 0.51599, 2, 29, -22.65, -21.06, 0.07414, 28, 37.76, -22.6, 0.92586, 2, 29, -56.34, -19.27, 2.0E-5, 28, 4.02, -23.16, 0.99998, 2, 29, -74.55, -15.91, 1.0E-5, 28, -14.37, -21.08, 0.99999, 2, 29, -83.22, -6.39, 1.0E-5, 28, -23.69, -12.2, 0.99999, 1, 28, -15.89, 7.83, 1, 1, 28, -5.04, 16.88, 1, 1, 28, 12.61, 22.04, 1, 2, 29, -16.32, 24.34, 0.09884, 28, 40.89, 23.14, 0.90116, 2, 29, -2.18, 24.8, 0.54168, 28, 54.97, 24.59, 0.45832, 2, 29, 11.76, 25.4, 0.93972, 28, 68.83, 26.16, 0.06028, 1, 29, 32.01, 25.99, 1, 1, 29, 51.22, 27.27, 1, 1, 29, 62.95, 23.23, 1, 1, 29, 71.65, 12.4, 1, 1, 29, 72.45, 0.12, 1, 1, 29, 71.11, -9.21, 1, 1, 29, 46.22, -13.01, 1, 2, 29, 20.01, -12.61, 0.99721, 28, 79.72, -11.18, 0.00279, 2, 29, -4.11, -8.2, 0.43438, 28, 55.35, -8.47, 0.56562, 2, 29, -27.47, -6.7, 0.00429, 28, 31.94, -8.61, 0.99571, 2, 29, -56.87, -6.58, 1.0E-5, 28, 2.6, -10.54, 0.99999, 1, 29, 56.73, 9.44, 1, 1, 29, 37.31, 6.49, 1, 1, 29, 11.03, 6.33, 1, 2, 29, -15.94, 7.84, 0.05327, 28, 42.43, 6.71, 0.94673, 1, 28, 16.97, 3.99, 1, 1, 28, -4.7, 2.86, 1 ],
					"hull": 21,
					"edges": [ 0, 2, 2, 4, 4, 6, 6, 8, 8, 10, 10, 12, 12, 14, 14, 16, 16, 18, 18, 20, 20, 22, 22, 24, 24, 26, 26, 28, 28, 30, 30, 32, 32, 34, 34, 36, 36, 38, 38, 40, 0, 40, 42, 44, 44, 46, 46, 48, 48, 50, 52, 54, 54, 56, 56, 58, 58, 60, 60, 62 ],
					"width": 133,
					"height": 109
				}
			},
			"arrowX": {
				"arrowX": {
					"path": "arrow",
					"color": "f0100cff",
					"x": 36.23,
					"y": 1.19,
					"rotation": -60.14,
					"width": 64,
					"height": 85
				}
			},
			"arrowY": {
				"arrowY": {
					"path": "arrow",
					"color": "99ff00ff",
					"x": 36.23,
					"y": 1.19,
					"rotation": -60.14,
					"width": 64,
					"height": 85
				}
			},
			"body": {
				"body": {
					"type": "mesh",
					"uvs": [ 0.38823, 0, 0.30661, 0, 0.21707, 0.04123, 0.15987, 0.09149, 0.10764, 0.16385, 0.09272, 0.24024, 0.10143, 0.3116, 0.1151, 0.37392, 0.08153, 0.41512, 0.0492, 0.46638, 0, 0.58297, 0, 0.6684, 0.07531, 0.68549, 0.17231, 0.66539, 0.22329, 0.6091, 0.2693, 0.58096, 0.35261, 0.55583, 0.43842, 0.57594, 0.49562, 0.60207, 0.54536, 0.62116, 0.62867, 0.66639, 0.65354, 0.6885, 0.65852, 0.71765, 0.66971, 0.77595, 0.69955, 0.85231, 0.74681, 0.92568, 0.77665, 0.94679, 0.82639, 0.97292, 0.92587, 0.99704, 1, 1, 1, 0.95181, 1, 0.91796, 1, 0.8895, 0.99426, 0.84327, 0.96442, 0.73673, 0.92214, 0.66235, 0.88732, 0.62416, 0.86618, 0.60406, 0.84629, 0.58396, 0.76919, 0.51762, 0.661, 0.44727, 0.61002, 0.4151, 0.57769, 0.38596, 0.54038, 0.34676, 0.52671, 0.30756, 0.52581, 0.27771, 0.55068, 0.25661, 0.58426, 0.23751, 0.62281, 0.21037, 0.65389, 0.14705, 0.63897, 0.08675, 0.56934, 0.04252, 0.46986, 0, 0.21649, 0.53614, 0.25491, 0.38287, 0.38346, 0.24996, 0.24332, 0.30663, 0.69585, 0.53321, 0.48355, 0.10468, 0.33238, 0.3269, 0.37188, 0.1683, 0.75051, 0.78011, 0.2752, 0.11006, 0.28246, 0.22606, 0.63512, 0.56427, 0.12876, 0.57016, 0.79785, 0.67188, 0.1647, 0.44561, 0.50332, 0.42527, 0.17172, 0.25179, 0.57192, 0.1619, 0.45878, 0.31876, 0.47189, 0.20967, 0.29645, 0.47484, 0.91771, 0.90249, 0.71807, 0.60369, 0.3892, 0.07463, 0.17519, 0.34541, 0.87804, 0.78246, 0.38636, 0.40616, 0.40982, 0.49337, 0.79938, 0.88039, 0.42912, 0.13933, 0.19937, 0.16866, 0.56174, 0.51389, 0.48178, 0.52211, 0.31751, 0.39771, 0.79731, 0.91645, 0.94422, 0.96366 ],
					"triangles": [ 26, 25, 87, 88, 74, 31, 30, 88, 31, 87, 74, 88, 27, 87, 88, 26, 87, 27, 28, 27, 88, 88, 30, 29, 28, 88, 29, 41, 84, 68, 41, 68, 42, 84, 41, 40, 85, 80, 68, 84, 85, 68, 57, 40, 39, 64, 84, 40, 57, 64, 40, 18, 85, 84, 17, 85, 18, 75, 57, 39, 75, 39, 38, 64, 57, 75, 19, 18, 84, 19, 84, 64, 20, 19, 64, 20, 64, 75, 66, 75, 38, 21, 20, 75, 21, 75, 66, 65, 9, 67, 10, 9, 65, 65, 53, 14, 13, 65, 14, 12, 11, 10, 65, 12, 10, 13, 12, 65, 67, 9, 8, 65, 67, 53, 59, 63, 55, 66, 38, 37, 22, 21, 66, 61, 23, 22, 66, 61, 22, 36, 66, 37, 35, 66, 36, 78, 35, 34, 35, 78, 66, 61, 66, 78, 78, 34, 33, 24, 23, 61, 81, 61, 78, 24, 61, 81, 74, 78, 33, 74, 33, 32, 81, 78, 74, 81, 25, 24, 87, 81, 74, 74, 32, 31, 87, 25, 81, 56, 69, 63, 6, 5, 69, 71, 72, 45, 71, 45, 44, 59, 55, 71, 56, 63, 59, 77, 69, 56, 6, 69, 77, 7, 6, 77, 54, 56, 59, 77, 56, 54, 86, 54, 59, 79, 59, 71, 86, 59, 79, 43, 68, 71, 43, 71, 44, 68, 43, 42, 79, 71, 68, 67, 7, 77, 67, 77, 54, 8, 7, 67, 73, 54, 86, 67, 54, 73, 80, 79, 68, 53, 67, 73, 73, 79, 80, 79, 73, 86, 16, 73, 80, 15, 53, 73, 17, 80, 85, 16, 80, 17, 16, 15, 73, 14, 53, 15, 76, 0, 52, 58, 52, 51, 76, 52, 58, 62, 2, 1, 3, 2, 62, 82, 76, 58, 70, 51, 50, 70, 50, 49, 58, 51, 70, 1, 76, 62, 76, 1, 0, 60, 76, 82, 60, 62, 76, 83, 3, 62, 4, 3, 83, 72, 82, 58, 72, 58, 70, 48, 70, 49, 63, 62, 60, 83, 62, 63, 47, 70, 48, 46, 72, 70, 72, 55, 60, 72, 60, 82, 63, 60, 55, 69, 4, 83, 69, 83, 63, 5, 4, 69, 47, 46, 70, 45, 72, 46, 71, 55, 72 ],
					"vertices": [ 1, 6, 77.7, -3.35, 1, 1, 6, 70.94, 17.97, 1, 3, 6, 50.2, 37.13, 0.98164, 4, 5.71, -100.81, 0.01451, 5, 94.39, 18.71, 0.00386, 3, 6, 29.22, 46.93, 0.87956, 4, 23.74, -86.29, 0.08472, 5, 77.54, 34.59, 0.03572, 3, 6, 1.5, 53.15, 0.65592, 4, 41.54, -64.15, 0.26317, 5, 53.18, 49.19, 0.0809, 3, 6, -24.42, 49.23, 0.34024, 4, 49.42, -39.15, 0.58274, 5, 27.34, 53.59, 0.07701, 3, 6, -46.76, 39.64, 0.10906, 4, 50.66, -14.87, 0.84587, 5, 3.12, 51.49, 0.04507, 2, 6, -65.77, 29.68, 5.1E-4, 4, 50.08, 6.57, 0.99949, 4, 6, -81.86, 34.23, 8.8E-4, 4, 61.26, 19.02, 0.41234, 5, -31.9, 57.36, 1.0E-5, 12, -8.98, -28.82, 0.58677, 3, 6, -101.11, 37.42, 3.6E-4, 4, 72.6, 34.89, 0.07954, 12, 10.52, -28.41, 0.92009, 4, 6, -142.86, 38.33, 8.9E-4, 4, 91.79, 71.98, 0.02573, 5, -88.54, 80.37, 1.0E-5, 12, 51.72, -21.61, 0.97336, 3, 6, -170.47, 29.57, 1.0E-5, 4, 96.09, 100.62, 1.0E-5, 12, 77.24, -7.92, 0.99998, 2, 4, 76.55, 109.41, 1.0E-5, 12, 72.59, 13.01, 0.99999, 2, 4, 49.25, 106.61, 0.14582, 12, 54.02, 33.2, 0.85418, 2, 4, 32.6, 89.82, 0.31083, 12, 30.61, 36.49, 0.68917, 2, 4, 18.72, 82.26, 0.83943, 12, 16.24, 43.09, 0.16057, 3, 4, -5.12, 77.22, 0.91392, 12, -2.06, 59.18, 0.048, 11, 3.04, -60.48, 0.03808, 2, 4, -27.36, 87.45, 0.75788, 11, 24.22, -48.21, 0.24212, 3, 4, -41.54, 98.54, 0.16243, 13, -42.84, -65.62, 4.9E-4, 11, 41.46, -43.01, 0.83708, 4, 4, -54.06, 106.96, 0.00264, 13, -32.27, -54.84, 0.04568, 12, -7.51, 116.19, 0.02516, 11, 55.56, -37.64, 0.92652, 4, 4, -74.36, 125.51, 1.4E-4, 13, -10.33, -38.26, 0.17604, 12, -4.79, 143.55, 0.00628, 11, 82.42, -31.75, 0.81754, 3, 13, -1.02, -34.26, 0.39299, 12, -1.41, 153.1, 2.5E-4, 11, 92.55, -32.01, 0.60676, 2, 13, 8.77, -36.2, 0.66153, 11, 100.63, -37.86, 0.33847, 2, 13, 28.45, -39.74, 0.86451, 11, 117.02, -49.31, 0.13549, 1, 13, 55.6, -40.46, 1, 2, 13, 83.33, -36.33, 0.92669, 14, -10.61, -11.59, 0.07331, 2, 13, 92.77, -30.93, 0.09794, 14, -0.09, -14.31, 0.90206, 1, 14, 16.07, -16.11, 1, 1, 14, 44.1, -11.18, 1, 1, 14, 62.7, -2.95, 1, 3, 13, 114.34, 26.37, 0.13331, 11, 222.67, -25.16, 2.0E-5, 14, 55.37, 11.64, 0.86667, 3, 13, 106.61, 28.28, 0.42261, 11, 216.45, -20.19, 4.5E-4, 14, 48.75, 24.09, 0.57693, 3, 13, 94.37, 33.26, 0.66585, 11, 207.41, -10.55, 8.2E-4, 14, 45.88, 30.52, 0.33333, 3, 13, 79.04, 36.89, 0.8859, 11, 195, -0.85, 0.00298, 14, 37.44, 43.82, 0.11111, 2, 13, 42.22, 40.94, 0.99344, 11, 163.26, 18.22, 0.00656, 2, 13, 14.61, 38.21, 0.94198, 11, 137.03, 27.28, 0.05802, 2, 13, -0.75, 33.41, 0.83841, 11, 121.08, 29.34, 0.16159, 2, 13, -9.08, 30.16, 0.66779, 11, 112.15, 29.87, 0.33221, 2, 13, -17.3, 27.23, 0.3924, 11, 103.46, 30.65, 0.6076, 2, 13, -45.45, 14.59, 0.16264, 11, 72.61, 30.94, 0.83736, 2, 13, -77.67, -5.65, 0.00639, 11, 34.88, 26.01, 0.99361, 3, 4, -81.95, 40.51, 0.30239, 13, -92.54, -15.3, 1.0E-5, 11, 17.35, 23.46, 0.6976, 2, 4, -74.65, 29.42, 0.60736, 11, 4.08, 23.89, 0.39264, 3, 6, -21.77, -78.63, 0.00231, 4, -66.52, 14.77, 0.78491, 11, -12.58, 25.7, 0.21278, 3, 6, -10.23, -71.04, 0.08989, 4, -64.78, 1.07, 0.77425, 11, -24.78, 32.18, 0.13586, 3, 6, -0.66, -67.75, 0.31204, 4, -66.04, -8.97, 0.68679, 25, -6.49, -43.26, 0.00117, 3, 6, 8.22, -72.08, 0.49072, 4, -73.85, -15.04, 0.38179, 25, 1.17, -37.01, 0.12749, 3, 6, 17.17, -78.89, 0.55657, 4, -83.9, -20.07, 0.19578, 25, 11.11, -31.74, 0.24765, 3, 6, 29.14, -86.18, 0.54542, 4, -95.71, -27.6, 0.10165, 25, 22.74, -23.93, 0.35293, 3, 6, 52.17, -87.81, 0.5743, 4, -107.32, -47.57, 0.07678, 25, 33.88, -3.7, 0.34892, 3, 6, 70.43, -77.74, 0.62598, 4, -106.32, -68.39, 0.03832, 25, 32.38, 17.1, 0.3357, 3, 6, 78.95, -55.02, 0.76821, 4, -89.67, -86.05, 0.01312, 25, 15.32, 34.37, 0.21867, 1, 6, 84.46, -24.67, 1, 2, 4, 30.77, 65.08, 0.72331, 12, 9.69, 23.16, 0.27669, 1, 4, 12.65, 15.26, 1, 2, 6, -3.48, -27.72, 0.27786, 5, 23.1, -26.03, 0.72214, 1, 4, 11.96, -10.77, 1, 1, 11, 62.53, 12.76, 1, 1, 6, 51.76, -38.98, 1, 3, 4, -11.16, -0.35, 0.71939, 5, -2.82, -11.73, 0.19508, 11, -56.86, -10.82, 0.08553, 2, 6, 21.95, -16.32, 0.94005, 5, 50.82, -23.19, 0.05995, 1, 13, 37.01, -19.27, 1, 1, 6, 32.77, 14.9, 1, 2, 6, -4.12, 1.11, 0.532, 5, 31.53, 1.54, 0.468, 2, 12, -36.13, 128.74, 1.1E-4, 11, 58.63, -6.54, 0.99989, 1, 12, 31.22, 7.43, 1, 1, 13, 6.55, 4.96, 1, 3, 6, -84.83, 9.38, 1.8E-4, 4, 40.25, 32.63, 0.73019, 12, -10.64, -3.85, 0.26963, 2, 4, -52.52, 39.58, 0.424, 11, -0.38, -0.04, 0.576, 3, 6, -21.61, 27.4, 0.38954, 4, 28.6, -32.07, 0.41511, 5, 23.17, 31.99, 0.19536, 3, 6, 40.59, -67.92, 0.52541, 4, -84.37, -45.92, 0.10307, 25, 10.96, -5.88, 0.37152, 4, 6, -19.48, -54.44, 0.00216, 4, -45.82, 2.06, 0.90915, 5, -0.47, -46.39, 0.04497, 11, -34.9, 16.11, 0.04372, 3, 6, 16.86, -46.69, 0.95165, 4, -54.86, -33.98, 0.03195, 5, 36.47, -50.42, 0.0164, 1, 4, 6.02, 47.78, 1, 2, 13, 91.17, 10.51, 0.912, 14, 27.71, 16.46, 0.088, 1, 11, 84, 0.64, 1, 1, 6, 53.66, -11.25, 1, 1, 4, 32.37, -0.54, 1, 1, 13, 49.16, 13.5, 1, 1, 4, -21.79, 28.41, 1, 2, 4, -23.76, 58.6, 0.89678, 11, -1.42, -34.51, 0.10322, 1, 13, 73.52, -17.7, 1, 1, 6, 36.05, -28.31, 1, 3, 6, 7.55, 28.7, 0.86475, 4, 16.92, -58.81, 0.0867, 5, 51.26, 24.08, 0.04855, 3, 4, -63.89, 71.67, 5.4E-4, 12, -41.67, 102.95, 0.01015, 11, 32.39, -9.25, 0.9893, 2, 4, -41.81, 71.17, 0.017, 11, 19.25, -27.01, 0.983, 1, 4, -3.56, 22.78, 1, 1, 14, -0.1, -2.88, 1, 1, 14, 43.04, 2.03, 1 ],
					"hull": 53,
					"edges": [ 0, 2, 2, 4, 4, 6, 6, 8, 8, 10, 10, 12, 12, 14, 14, 16, 16, 18, 18, 20, 20, 22, 22, 24, 24, 26, 26, 28, 28, 30, 30, 32, 32, 34, 34, 36, 36, 38, 38, 40, 40, 42, 42, 44, 44, 46, 46, 48, 48, 50, 50, 52, 52, 54, 54, 56, 56, 58, 58, 60, 64, 66, 66, 68, 68, 70, 70, 72, 72, 74, 74, 76, 76, 78, 78, 80, 80, 82, 82, 84, 84, 86, 86, 88, 88, 90, 90, 92, 92, 94, 94, 96, 96, 98, 98, 100, 100, 102, 102, 104, 104, 0, 174, 176, 60, 62, 62, 64 ],
					"width": 274,
					"height": 339
				}
			},
			"bootR": {
				"bootR": {
					"type": "mesh",
					"uvs": [ 0, 0.54474, 0.46747, 1, 0.71833, 1, 1, 0.80289, 1, 0.24719, 0.71458, 0, 0.3851, 0, 0, 0.15389, 0.51169, 0.62779, 0.42963, 0.26123, 0.73117, 0.38792, 0.23532, 0.39704 ],
					"triangles": [ 9, 6, 5, 7, 6, 9, 10, 5, 4, 9, 5, 10, 11, 7, 9, 0, 7, 11, 8, 9, 10, 11, 9, 8, 10, 4, 3, 8, 10, 3, 8, 0, 11, 2, 1, 8, 1, 0, 8, 3, 2, 8 ],
					"vertices": [ -22.6, -25.18, 26.97, -53.72, 49.3, -48.96, 70.92, -27.42, 61.19, 18.23, 31.46, 33.12, 2.13, 26.87, -29.45, 6.93, 24.39, -22.3, 10.67, 6.26, 39.73, 1.57, -4.25, -8.59 ],
					"hull": 8,
					"edges": [ 0, 2, 2, 4, 4, 6, 6, 8, 8, 10, 10, 12, 12, 14, 14, 0 ],
					"width": 91,
					"height": 84
				}
			},
			"browL": {
				"browL": {
					"type": "mesh",
					"uvs": [ 0.62764, 0, 0, 0.55392, 0, 1, 0.37349, 1, 1, 0.4836, 1, 0 ],
					"triangles": [ 0, 5, 4, 1, 0, 4, 3, 2, 1, 4, 3, 1 ],
					"vertices": [ 24.49, 8.57, -3.31, 6.1, -6.8, -3.08, 7.17, -8.38, 34.63, -6.66, 38.41, 3.29 ],
					"hull": 6,
					"edges": [ 0, 2, 2, 4, 4, 6, 6, 8, 8, 10, 0, 10 ],
					"width": 40,
					"height": 22
				}
			},
			"browR": {
				"browR": {
					"type": "mesh",
					"uvs": [ 0.32799, 0.0135, 0, 0, 0.01721, 0.47318, 0.6664, 1, 1, 1, 1, 0.60578 ],
					"triangles": [ 2, 1, 0, 2, 0, 5, 3, 2, 5, 3, 5, 4 ],
					"vertices": [ 24.13, -6.58, 32.83, -0.7, 25.44, 8.56, 0.89, 7.05, -7.75, 0.79, -1.98, -7.19 ],
					"hull": 6,
					"edges": [ 0, 2, 2, 4, 4, 6, 6, 8, 8, 10, 0, 10 ],
					"width": 32,
					"height": 25
				}
			},
			"eyelids closed": {
				"eyelids closed": { "x": 7.71, "y": 8.78, "rotation": 3.33, "width": 183, "height": 92 }
			},
			"eyelids open": {
				"eyelids open": {
					"type": "mesh",
					"uvs": [ 0, 0.66299, 0.14308, 0.91809, 0.34608, 0.94182, 0.45208, 0.70056, 0.58608, 0.94973, 0.75508, 1, 0.99997, 0.80932, 1, 0.29912, 0.90697, 0.09742, 0.72297, 0.05391, 0.55697, 0.17058, 0.45697, 0.43162, 0.37697, 0.14883, 0.23197, 0, 0.10068, 0, 0, 0.23387 ],
					"triangles": [ 15, 11, 0, 15, 14, 13, 13, 12, 15, 11, 15, 12, 3, 0, 11, 7, 10, 9, 7, 9, 8, 7, 11, 10, 6, 11, 7, 3, 11, 6, 1, 0, 3, 2, 1, 3, 4, 3, 6, 5, 4, 6 ],
					"vertices": [ -80.37, -10.15, -53.92, -31.35, -18.13, -31.38, -0.75, -8.86, 24.08, -29.63, 54.04, -32.37, 96.08, -12.93, 93.45, 32.4, 76.06, 49.37, 43.51, 51.36, 14.94, 39.3, -1.28, 15.08, -16.8, 39.39, -43.04, 51.13, -66.11, 49.79, -82.59, 27.98 ],
					"hull": 16,
					"edges": [ 0, 2, 2, 4, 4, 6, 6, 8, 8, 10, 10, 12, 12, 14, 14, 16, 16, 18, 18, 20, 20, 22, 22, 24, 24, 26, 26, 28, 28, 30, 0, 30 ],
					"width": 176,
					"height": 89
				}
			},
			"hairL": {
				"hairL": {
					"type": "mesh",
					"uvs": [ 0, 0.5192, 0.06321, 0.70912, 0.29876, 0.93437, 0.59812, 0.97853, 1, 1, 0.92691, 0.87253, 0.72571, 0.68703, 0.58339, 0.51037, 0.49506, 0.27187, 0.37728, 0.0157, 0.00923, 0, 0, 0.2807 ],
					"triangles": [ 11, 10, 9, 11, 9, 8, 0, 11, 8, 0, 8, 7, 1, 0, 7, 2, 1, 7, 2, 7, 6, 3, 2, 6, 3, 6, 5, 3, 5, 4 ],
					"vertices": [ 10.9, -19.52, 22.79, -19.88, 39.63, -12.09, 47.26, 2.4, 55.35, 22.58, 46.85, 21.26, 32.85, 14.47, 20.36, 10.54, 5.28, 10.54, -11.31, 9.37, -18.5, -9.19, -2.68, -14.99 ],
					"hull": 12,
					"edges": [ 0, 2, 2, 4, 4, 6, 6, 8, 8, 10, 10, 12, 12, 14, 14, 16, 16, 18, 18, 20, 20, 22, 0, 22 ],
					"width": 54,
					"height": 60
				}
			},
			"hairL2": {
				"hairL2": {
					"type": "mesh",
					"uvs": [ 0, 0.35687, 0.08751, 0.53469, 0.2704, 0.74739, 0.49061, 0.8764, 0.74068, 0.94614, 0.95342, 1, 1, 0.92871, 0.82279, 0.78575, 0.6399, 0.59048, 0.51673, 0.35687, 0.37117, 0.09884, 0.26666, 0, 0, 0 ],
					"triangles": [ 6, 5, 7, 5, 4, 7, 4, 3, 7, 3, 8, 7, 3, 2, 8, 2, 9, 8, 2, 1, 9, 1, 0, 9, 0, 10, 9, 0, 11, 10, 0, 12, 11 ],
					"vertices": [ 2, 16, 3.3, -16.43, 0.88765, 17, -37.53, -4.84, 0.11235, 2, 16, 17.99, -18.76, 0.67842, 17, -24.2, -11.44, 0.32158, 2, 16, 38.65, -16.93, 0.38404, 17, -3.94, -15.85, 0.61596, 2, 16, 55.48, -9.37, 0.14945, 17, 14.38, -13.64, 0.85055, 2, 16, 69.74, 2.46, 0.02566, 17, 31.52, -6.6, 0.97434, 1, 17, 45.84, -0.29, 1, 2, 16, 78.86, 18.51, 0.03594, 17, 45, 6, 0.96406, 2, 16, 62.84, 14.07, 0.183, 17, 28.39, 6.54, 0.817, 2, 16, 43.29, 11.51, 0.44117, 17, 8.96, 9.92, 0.55883, 2, 16, 23.67, 14.09, 0.73856, 17, -9, 18.23, 0.26144, 2, 16, 1.62, 16.38, 0.92483, 17, -29.37, 26.98, 0.07517, 2, 16, -8.75, 14.38, 0.99969, 17, -39.86, 28.15, 3.1E-4, 2, 16, -19.26, -1.37, 0.9864, 17, -54.58, 16.25, 0.0136 ],
					"hull": 13,
					"edges": [ 0, 2, 2, 4, 4, 6, 6, 8, 8, 10, 10, 12, 12, 14, 14, 16, 16, 18, 18, 20, 20, 22, 22, 24, 0, 24 ],
					"width": 71,
					"height": 76
				}
			},
			"hairM": {
				"hairM": {
					"type": "mesh",
					"uvs": [ 0.12393, 0.10158, 0.05237, 0.31571, 0.00705, 0.53876, 0, 0.87482, 0.03806, 1, 0.10008, 1, 0.3577, 0.91646, 0.49881, 0.91191, 0.63441, 0.90754, 0.91589, 0.95512, 1, 0.97891, 0.9469, 0.76776, 0.87057, 0.5566, 0.86818, 0.3395, 0.83956, 0.09563, 0.67496, 0, 0.29568, 0, 0.50908, 0.24348, 0.34406, 0.60579, 0.22208, 0.30093, 0.6777, 0.45813, 0.58657, 0.67825, 0.16063, 0.73851 ],
					"triangles": [ 9, 11, 10, 9, 8, 11, 7, 21, 8, 8, 21, 11, 6, 5, 22, 22, 5, 3, 5, 4, 3, 7, 6, 18, 6, 22, 18, 3, 2, 22, 7, 18, 21, 21, 12, 11, 22, 2, 18, 19, 2, 1, 2, 19, 18, 21, 20, 12, 21, 18, 20, 18, 17, 20, 18, 19, 17, 20, 13, 12, 13, 20, 17, 13, 17, 14, 14, 17, 15, 1, 0, 19, 19, 16, 17, 19, 0, 16, 17, 16, 15 ],
					"vertices": [ 1, 18, -2.07, -32.43, 1, 1, 18, 14.89, -38.04, 1, 2, 18, 32.34, -41.09, 0.66667, 20, 16.66, -10.85, 0.33333, 2, 18, 58.2, -39.83, 0.33453, 20, 42.21, -6.71, 0.66547, 3, 18, 67.54, -35.47, 0.16545, 20, 51, -1.33, 0.82719, 19, 13.18, -79.12, 0.00737, 3, 18, 67.09, -29.53, 0.14637, 20, 49.9, 4.52, 0.76916, 19, 16, -73.88, 0.08447, 3, 18, 58.82, -5.35, 0.23616, 20, 38.98, 27.62, 0.4913, 19, 22.05, -49.05, 0.27255, 3, 18, 57.46, 8.13, 0.22897, 20, 36.12, 40.87, 0.35343, 19, 28.16, -36.96, 0.4176, 3, 18, 56.15, 21.09, 0.22206, 20, 33.38, 53.6, 0.22094, 19, 34.03, -25.33, 0.557, 3, 18, 57.78, 48.31, 0.13017, 20, 31.96, 80.83, 0.05675, 19, 50.06, -3.27, 0.81308, 3, 18, 59, 56.5, 0.1503, 20, 32.26, 89.11, 0.00247, 19, 55.5, 2.97, 0.84723, 2, 18, 43.17, 50.2, 0.33348, 19, 38.76, 6.19, 0.66652, 2, 18, 27.5, 41.67, 0.66667, 19, 20.97, 7.43, 0.33333, 1, 18, 10.85, 40.19, 1, 1, 18, -7.67, 36.05, 1, 1, 18, -13.83, 19.74, 1, 1, 18, -11.1, -16.57, 1, 1, 18, 6.06, 5.26, 1, 3, 18, 35.07, -8.44, 0.61318, 20, 15.72, 21.9, 0.38471, 19, 0.36, -38.87, 0.00211, 1, 18, 12.54, -21.88, 1, 1, 18, 21.33, 22.64, 1, 3, 18, 38.89, 15.19, 0.59024, 20, 16.88, 45.81, 0.17655, 19, 16.3, -21.01, 0.23322, 3, 18, 46.58, -25.24, 0.47519, 20, 29.03, 6.49, 0.52382, 19, 1.02, -59.22, 9.8E-4 ],
					"hull": 17,
					"edges": [ 0, 2, 2, 4, 4, 6, 6, 8, 8, 10, 10, 12, 16, 18, 18, 20, 20, 22, 22, 24, 24, 26, 26, 28, 28, 30, 30, 32, 32, 0, 12, 14, 14, 16 ],
					"width": 96,
					"height": 77
				}
			},
			"hairM blob": {
				"hairM blob": {
					"type": "mesh",
					"uvs": [ 0.69347, 0, 0.31103, 0.03983, 0, 0.45392, 0.05437, 1, 0.4984, 0.99805, 1, 0.52921, 0.95527, 0.08774 ],
					"triangles": [ 5, 4, 1, 0, 5, 1, 5, 0, 6, 2, 1, 4, 3, 2, 4 ],
					"vertices": [ -2.85, -14.33, -0.2, -25.63, 19.08, -33.54, 43.46, -30.08, 42.38, -16.8, 20.21, -3.37, 0.5, -6.2 ],
					"hull": 7,
					"edges": [ 0, 2, 2, 4, 4, 6, 6, 8, 8, 10, 10, 12, 0, 12 ],
					"width": 30,
					"height": 45
				}
			},
			"hairM blobS": {
				"hairM blobS": {
					"type": "mesh",
					"uvs": [ 0.94868, 0.00232, 0.40006, 0, 0, 0.64142, 0.13056, 1, 0.61181, 0.94557, 1, 0.30262 ],
					"triangles": [ 5, 4, 1, 5, 1, 0, 2, 1, 4, 3, 2, 4 ],
					"vertices": [ 6.33, 5.59, 6.95, -3.17, 20.22, -8.59, 27.21, -5.97, 25.55, 1.63, 12.26, 6.86 ],
					"hull": 6,
					"edges": [ 0, 2, 2, 4, 4, 6, 6, 8, 8, 10, 0, 10 ],
					"width": 16,
					"height": 20
				}
			},
			"hairR": {
				"hairR": {
					"type": "mesh",
					"uvs": [ 0.32525, 0.09816, 0.12489, 0.25779, 0, 0.48767, 0.02147, 0.73352, 0.11842, 0.89315, 0.28001, 1, 0.48038, 1, 0.41574, 0.88038, 0.40281, 0.71436, 0.66781, 0.45894, 0.84879, 0.26737, 1, 0.15563, 0.99745, 0, 0.64842, 0 ],
					"triangles": [ 10, 13, 12, 10, 12, 11, 9, 13, 10, 0, 13, 9, 9, 1, 0, 8, 1, 9, 2, 1, 8, 3, 2, 8, 4, 3, 8, 4, 8, 7, 5, 4, 7, 5, 7, 6 ],
					"vertices": [ -9.1, -6.82, 5.36, -12.65, 25.04, -14.42, 44.99, -10.06, 57.36, -3.88, 64.97, 4.16, 63.56, 12.26, 54.23, 7.95, 40.75, 5.07, 18, 12.14, 1.07, 16.73, -9.13, 21.25, -21.84, 18.94, -19.39, 4.84 ],
					"hull": 14,
					"edges": [ 0, 2, 2, 4, 4, 6, 6, 8, 8, 10, 10, 12, 12, 14, 14, 16, 16, 18, 18, 20, 20, 22, 22, 24, 24, 26, 0, 26 ],
					"width": 41,
					"height": 83
				}
			},
			"hairR2": {
				"hairR2": {
					"type": "mesh",
					"uvs": [ 0.8924, 0, 0.74016, 0.07452, 0.55692, 0.2267, 0.44133, 0.29492, 0.29192, 0.3369, 0.16506, 0.33428, 0.00719, 0.31328, 0, 0.41036, 0.15378, 0.44972, 0.25245, 0.47333, 0.35394, 0.46546, 0.43875, 0.42724, 0.43288, 0.45234, 0.37086, 0.60715, 0.3483, 0.78819, 0.38213, 0.9666, 0.49208, 0.9666, 0.66687, 0.48908, 1, 0.14536, 1, 0, 0.60766, 0.30017, 0.51389, 0.38181 ],
					"triangles": [ 11, 3, 21, 7, 6, 5, 11, 4, 3, 8, 7, 5, 11, 10, 4, 9, 5, 4, 9, 4, 10, 8, 5, 9, 21, 3, 2, 12, 11, 21, 0, 19, 18, 20, 2, 1, 18, 17, 20, 21, 20, 17, 1, 0, 18, 18, 20, 1, 12, 21, 17, 13, 12, 17, 17, 14, 13, 16, 15, 14, 17, 16, 14, 21, 2, 20 ],
					"vertices": [ 1, 22, -2.7, -5.04, 1, 2, 22, 11.45, -12.86, 0.97293, 23, -22.59, -25.83, 0.02707, 2, 22, 33.8, -19.14, 0.263, 23, -3.55, -12.56, 0.737, 1, 23, 8.49, -7.18, 1, 1, 23, 24.97, -5.77, 1, 1, 23, 37.44, -7.71, 1, 1, 23, 51.97, -11.39, 1, 1, 23, 53.68, -1.71, 1, 1, 23, 39.73, 3.77, 1, 1, 23, 30.56, 7.26, 1, 1, 23, 19.9, 8.17, 1, 2, 22, 56.79, -17.09, 0.18536, 23, 9.47, 6.52, 0.81464, 1, 22, 59.21, -16.03, 1, 1, 22, 75.48, -12.32, 1, 2, 22, 91.92, -4.04, 0.99835, 23, 21.7, 41.94, 0.00165, 1, 22, 105.23, 8.51, 1, 1, 22, 99.55, 17.15, 1, 1, 22, 50.23, 4.38, 1, 1, 22, 4.02, 11.48, 1, 1, 22, -8.25, 3.41, 1, 1, 22, 37.34, -10.75, 1, 1, 22, 49.07, -13.58, 1 ],
					"hull": 20,
					"edges": [ 0, 2, 2, 4, 4, 6, 6, 8, 8, 10, 10, 12, 12, 14, 14, 16, 16, 18, 18, 20, 24, 26, 26, 28, 28, 30, 30, 32, 32, 34, 34, 36, 36, 38, 0, 38, 40, 4, 20, 22, 24, 42, 42, 40, 22, 42, 22, 24 ],
					"width": 94,
					"height": 101
				}
			},
			"hairSide": {
				"hairSide": {
					"type": "mesh",
					"uvs": [ 0.86289, 0.88915, 0.22757, 0.92121, 0.00509, 0.04663, 0.99221, 0.44959 ],
					"triangles": [ 3, 1, 2, 0, 1, 3 ],
					"vertices": [ -1, 7.57, 29.24, 11.55, 42.08, -8.2, -6.06, -3.58 ],
					"hull": 4,
					"edges": [ 0, 2, 2, 4, 4, 6, 0, 6 ],
					"width": 48,
					"height": 24
				}
			},
			"head": {
				"head": {
					"type": "mesh",
					"uvs": [ 0.24207, 0, 0, 0.45222, 1.0E-4, 0.80446, 0.28243, 1, 0.64097, 1, 0.93278, 0.93463, 0.98245, 0.80293, 0.99999, 0.417, 0.88778, 0.16275, 0.64718, 0 ],
					"triangles": [ 9, 8, 1, 3, 2, 1, 7, 6, 3, 9, 1, 0, 1, 8, 7, 6, 4, 3, 1, 7, 3, 5, 4, 6 ],
					"vertices": [ 193.43, 73.9, 83.3, 107.24, 5.5, 92.1, -25.73, 22.18, -10.54, -55.95, 16.25, -116.74, 47.44, -121.91, 133.43, -109.17, 184.83, -73.8, 210.59, -14.39 ],
					"hull": 10,
					"edges": [ 0, 2, 2, 4, 4, 6, 6, 8, 8, 10, 10, 12, 12, 14, 14, 16, 16, 18, 0, 18 ],
					"width": 222,
					"height": 225
				}
			},
			"indexL": {
				"indexL": {
					"type": "mesh",
					"uvs": [ 0.27266, 0.05077, 0.07156, 0.21655, 0.02394, 0.36472, 0.1139, 0.73514, 0.35202, 0.91153, 0.65894, 0.97855, 0.89177, 0.86567, 0.98173, 0.63283, 0.92352, 0.25889, 0.80711, 0.08955, 0.60073, 0 ],
					"triangles": [ 2, 1, 0, 0, 8, 2, 10, 8, 0, 9, 8, 10, 3, 2, 8, 3, 8, 7, 7, 4, 3, 7, 5, 4, 6, 5, 7 ],
					"vertices": [ 26.34, 4.6, 20.99, 10.1, 15.83, 11.87, 2.33, 11.31, -4.65, 6.38, -7.92, -0.64, -4.55, -6.67, 3.52, -9.81, 17.05, -10.02, 23.44, -7.97, 27.22, -3.43 ],
					"hull": 11,
					"edges": [ 0, 2, 2, 4, 4, 6, 6, 8, 8, 10, 10, 12, 12, 14, 14, 16, 16, 18, 18, 20, 0, 20, 4, 16, 6, 14 ],
					"width": 24,
					"height": 36
				}
			},
			"indexR": {
				"indexR": {
					"type": "mesh",
					"uvs": [ 0.36033, 0, 0.28714, 0.09647, 0.17786, 0.24052, 0, 0.52252, 0.07833, 0.85152, 0.28292, 0.93209, 0.52068, 0.93209, 0.68103, 0.67023, 0.84139, 0.6098, 0.94644, 0.3748, 0.94091, 0.17338, 0.70868, 0.05252, 0.45986, 0, 0.50962, 0.38823 ],
					"triangles": [ 13, 12, 11, 1, 0, 12, 13, 1, 12, 11, 9, 13, 9, 11, 10, 8, 13, 9, 7, 13, 8, 3, 5, 4, 2, 1, 13, 13, 3, 2, 13, 5, 3, 5, 13, 7, 6, 5, 7 ],
					"vertices": [ 9.21, -14.52, 12.55, -12.99, 17.53, -10.71, 26.17, -5.78, 27.28, 3.75, 21.74, 8.52, 14.29, 11.65, 6.42, 7.01, 0.74, 7.56, -5.1, 2.87, -7.11, -2.4, -1.15, -8.58, 6.09, -13.21, 8.74, -2.53 ],
					"hull": 13,
					"edges": [ 4, 6, 6, 8, 8, 10, 10, 12, 12, 14, 14, 16, 16, 18, 18, 20, 20, 22, 22, 24, 0, 24, 0, 2, 2, 4 ],
					"width": 34,
					"height": 28
				}
			},
			"inmouth": {
				"inmouth": { "x": 1.53, "y": 3.94, "rotation": -1.02, "width": 46, "height": 55 }
			},
			"irisL": {
				"irisL": {
					"type": "mesh",
					"uvs": [ 0.50042, 9.0E-5, 0.26704, 0.08083, 0.08101, 0.25455, 0.00322, 0.46743, 0.08778, 0.70966, 0.28057, 0.92987, 0.48689, 0.99838, 0.70336, 0.92987, 0.92998, 0.69987, 1, 0.4503, 0.9266, 0.24721, 0.75748, 0.07349 ],
					"triangles": [ 8, 10, 9, 4, 2, 1, 3, 2, 4, 8, 4, 1, 11, 1, 0, 10, 1, 11, 8, 1, 10, 7, 5, 4, 8, 7, 4, 6, 5, 7 ],
					"vertices": [ 0.86, 22.88, -7.07, 19.09, -13.4, 10.92, -16.04, 0.92, -13.17, -10.47, -6.61, -20.82, 0.4, -24.04, 7.76, -20.82, 15.47, -10.01, 17.85, 1.72, 15.35, 11.27, 9.6, 19.43 ],
					"hull": 12,
					"edges": [ 0, 2, 2, 4, 4, 6, 6, 8, 8, 10, 10, 12, 12, 14, 14, 16, 16, 18, 18, 20, 20, 22, 0, 22 ],
					"width": 34,
					"height": 47
				}
			},
			"irisL flatspec": {
				"irisL flatspec": {
					"type": "mesh",
					"uvs": [ 0.86336, 0.82292, 0.10562, 0.78759, 0.06832, 0.15345, 0.96893, 0.16522 ],
					"triangles": [ 0, 1, 2, 3, 0, 2 ],
					"vertices": [ 16.54, -10.98, 2.15, -10.63, 1.44, -4.28, 18.55, -4.4 ],
					"hull": 4,
					"edges": [ 0, 2, 2, 4, 4, 6, 0, 6 ],
					"width": 19,
					"height": 10
				}
			},
			"irisL spec": {
				"irisL spec": {
					"type": "mesh",
					"uvs": [ 0.86252, 0.79042, 0.11007, 0.75378, 0.25366, 1.0E-5, 0.96943, 0.04715 ],
					"triangles": [ 0, 2, 3, 1, 2, 0 ],
					"vertices": [ 0.57, 3.49, -12.97, 4.26, -10.39, 20.09, 2.5, 19.1 ],
					"hull": 4,
					"edges": [ 0, 2, 2, 4, 4, 6, 0, 6 ],
					"width": 18,
					"height": 21
				}
			},
			"irisR": {
				"irisR": {
					"type": "mesh",
					"uvs": [ 0.52602, 0.01062, 0.25543, 0.08402, 0.08293, 0.25775, 0.00852, 0.48041, 0.09308, 0.70307, 0.26896, 0.91104, 0.52602, 1, 0.76616, 0.91594, 0.91499, 0.71285, 1, 0.47551, 0.93528, 0.24796, 0.7594, 0.07668 ],
					"triangles": [ 4, 2, 1, 3, 2, 4, 8, 11, 10, 8, 10, 9, 1, 8, 4, 4, 8, 5, 1, 0, 8, 11, 8, 0, 7, 5, 8, 6, 5, 7 ],
					"vertices": [ -0.11, 22.31, -9.31, 18.86, -15.17, 10.7, -17.7, 0.23, -14.83, -10.23, -8.85, -20.01, -0.11, -24.19, 8.06, -20.24, 13.12, -10.69, 16.01, 0.46, 13.81, 11.16, 7.83, 19.21 ],
					"hull": 12,
					"edges": [ 0, 2, 2, 4, 4, 6, 6, 8, 8, 10, 10, 12, 12, 14, 14, 16, 16, 18, 18, 20, 20, 22, 0, 22 ],
					"width": 34,
					"height": 47
				}
			},
			"irisR flatspec": {
				"irisR flatspec": {
					"type": "mesh",
					"uvs": [ 0.84981, 0.80682, 0.0644, 0.76397, 0.07509, 0.12877, 0.94097, 0.24676 ],
					"triangles": [ 1, 2, 3, 0, 1, 3 ],
					"vertices": [ 12.7, -6.86, -4.57, -6.39, -4.34, 0.6, 14.71, -0.7 ],
					"hull": 4,
					"edges": [ 0, 2, 2, 4, 4, 6, 0, 6 ],
					"width": 22,
					"height": 11
				}
			},
			"irisR spec": {
				"irisR spec": {
					"type": "mesh",
					"uvs": [ 0.83036, 0.92361, 0.05166, 0.85422, 0.20652, 0.09723, 0.95572, 0.11107 ],
					"triangles": [ 0, 2, 3, 1, 2, 0 ],
					"vertices": [ -1.11, 3.51, -13.56, 4.69, -11.09, 17.56, 0.9, 17.33 ],
					"hull": 4,
					"edges": [ 0, 2, 2, 4, 4, 6, 0, 6 ],
					"width": 16,
					"height": 17
				}
			},
			"middleL": {
				"middleL": {
					"type": "mesh",
					"uvs": [ 0.56586, 0.02295, 0.30716, 0.12727, 0.15284, 0.23871, 0.01668, 0.58288, 0.06661, 0.7861, 0.25268, 0.94672, 0.55676, 0.95655, 0.83814, 0.76316, 0.9516, 0.48459, 0.93346, 0.24203, 0.8382, 0.07485 ],
					"triangles": [ 0, 10, 9, 8, 0, 9, 1, 0, 8, 2, 1, 8, 7, 2, 8, 3, 2, 7, 5, 4, 3, 3, 6, 5, 7, 6, 3 ],
					"vertices": [ 28.67, 3.87, 23.09, 9.18, 18.08, 11.83, 5.19, 11.54, -1.41, 8.14, -5.5, 1.81, -3.5, -5.85, 5.31, -10.78, 15.76, -10.63, 23.96, -7.6, 28.98, -3.45 ],
					"hull": 11,
					"edges": [ 0, 2, 2, 4, 4, 6, 6, 8, 8, 10, 10, 12, 12, 14, 14, 16, 16, 18, 18, 20, 0, 20, 4, 16, 6, 14 ],
					"width": 26,
					"height": 36
				}
			},
			"middleR": {
				"middleR": {
					"type": "mesh",
					"uvs": [ 0.58055, 0.02407, 0.33431, 0.17107, 0.06667, 0.32507, 0.00779, 0.54907, 0.07737, 0.82907, 0.29149, 1, 0.53772, 0.86407, 0.66619, 0.82207, 0.84284, 0.85007, 0.97131, 0.64707, 0.98737, 0.31107, 0.60322, 0.46045, 0.33022, 0.59345 ],
					"triangles": [ 11, 0, 10, 1, 0, 11, 12, 2, 1, 12, 1, 11, 3, 2, 12, 9, 11, 10, 7, 11, 9, 6, 12, 11, 4, 3, 12, 8, 7, 9, 7, 6, 11, 5, 4, 12, 6, 5, 12 ],
					"vertices": [ 4.37, -13.19, 13.29, -10.93, 22.96, -8.62, 25.97, -3.25, 24.95, 4.34, 18.58, 10.02, 9.71, 8.04, 5.22, 7.74, -0.56, 9.53, -5.81, 5.12, -7.91, -3.38, 5.64, -1.89, 15.39, -0.15 ],
					"hull": 11,
					"edges": [ 0, 2, 2, 4, 4, 6, 6, 8, 8, 10, 10, 12, 12, 14, 14, 16, 16, 18, 18, 20, 0, 20, 22, 24 ],
					"width": 34,
					"height": 26
				}
			},
			"mouth": {
				"mouth": { "x": 1.05, "y": 2.98, "rotation": -1.02, "width": 89, "height": 83 }
			},
			"nose": {
				"nose": {
					"type": "mesh",
					"uvs": [ 1, 0.59333, 0.31942, 0.98575, 0.00201, 0.5128, 0.81751, 0 ],
					"triangles": [ 2, 3, 0, 1, 2, 0 ],
					"vertices": [ 66.03, 9.55, 60.75, 16.15, 64.72, 20.48, 71.47, 12.65 ],
					"hull": 4,
					"edges": [ 0, 2, 2, 4, 4, 6, 0, 6 ],
					"width": 11,
					"height": 10
				}
			},
			"pinkyL": {
				"pinkyL": {
					"type": "mesh",
					"uvs": [ 0.38831, 0.02395, 0.06918, 0.31173, 0.00906, 0.71872, 0.32818, 1, 0.79068, 0.83383, 1, 0.46795, 0.83693, 0.09384 ],
					"triangles": [ 5, 4, 0, 5, 0, 6, 1, 0, 4, 3, 2, 1, 4, 3, 1 ],
					"vertices": [ 10.28, 12.01, -0.46, 10.12, -8.01, 2, -6.17, -8.63, 5.48, -11.41, 15.3, -6.27, 17.96, 4.23 ],
					"hull": 7,
					"edges": [ 0, 2, 2, 4, 4, 6, 6, 8, 8, 10, 10, 12, 0, 12 ],
					"width": 24,
					"height": 27
				}
			},
			"pinkyR": {
				"middleR": {
					"type": "mesh",
					"uvs": [ 0.53114, 0.03869, 0.33308, 0.19269, 0.10826, 0.29069, 0, 0.57769, 0.04402, 0.78069, 0.1832, 0.91369, 0.39196, 0.98369, 0.59537, 0.83669, 0.77737, 0.86469, 0.9112, 0.73869, 0.99684, 0.47969, 0.91655, 0.24869, 0.76667, 0.10869, 0.52043, 0.52869 ],
					"triangles": [ 13, 1, 0, 13, 0, 12, 13, 12, 11, 13, 11, 10, 9, 13, 10, 13, 4, 3, 7, 13, 9, 8, 7, 9, 3, 2, 13, 13, 2, 1, 6, 5, 13, 5, 4, 13, 7, 6, 13 ],
					"vertices": [ 7.25, -13.25, 14.54, -10.37, 22.5, -9.07, 27.32, -2.29, 26.68, 3.16, 22.56, 7.33, 15.84, 10.26, 8.41, 7.59, 2.41, 9.29, -2.6, 6.78, -6.55, 0.6, -4.81, -5.77, -0.36, -10.17, 9.65, -0.73 ],
					"hull": 13,
					"edges": [ 0, 2, 2, 4, 4, 6, 6, 8, 8, 10, 10, 12, 12, 14, 14, 16, 16, 18, 18, 20, 20, 22, 22, 24, 0, 24 ],
					"width": 34,
					"height": 26
				}
			},
			"pony1": {
				"pony1": {
					"type": "mesh",
					"uvs": [ 0, 0.13329, 0.13824, 0.27986, 0.24274, 0.41992, 0.32824, 0.58278, 0.33792, 0.66576, 0.34724, 0.74563, 0.34724, 0.81699, 0.34724, 0.90198, 0.32824, 0.99969, 0.45001, 0.98684, 0.4861, 0.98304, 0.63699, 0.96712, 0.83259, 0.95659, 1, 0.94758, 1, 0.86615, 0.96762, 0.78148, 0.93149, 0.687, 0.88841, 0.60724, 0.83649, 0.51112, 0.74296, 0.41245, 0.65124, 0.31569, 0.50399, 0.19192, 0.29024, 0.0486, 0.17624, 0, 0.00524, 0, 0.67788, 0.7395, 0.59399, 0.54813, 0.47977, 0.69724, 0.87211, 0.85824, 0.5766, 0.86607, 0.50503, 0.80776, 0.47478, 0.81589 ],
					"triangles": [ 12, 11, 25, 11, 29, 25, 30, 29, 10, 12, 28, 13, 12, 25, 28, 28, 14, 13, 28, 15, 14, 28, 16, 15, 28, 25, 16, 25, 17, 16, 29, 30, 25, 10, 29, 11, 27, 26, 25, 8, 7, 9, 10, 9, 31, 9, 7, 31, 30, 10, 31, 7, 6, 31, 6, 5, 31, 30, 31, 27, 31, 5, 27, 30, 27, 25, 5, 4, 27, 27, 4, 3, 25, 18, 17, 18, 26, 19, 18, 25, 26, 26, 27, 3, 3, 2, 26, 2, 21, 26, 26, 20, 19, 26, 21, 20, 2, 1, 21, 1, 0, 23, 1, 22, 21, 1, 23, 22, 23, 0, 24 ],
					"vertices": [ 1, 42, -2.76, -10.58, 1, 1, 42, 15.35, -13.42, 1, 2, 42, 31.32, -17.62, 0.18389, 43, 5.57, -15.62, 0.81611, 2, 43, 23.6, -17.94, 0.66187, 44, 0.73, -10.57, 0.33813, 2, 43, 31.67, -21.3, 0.49237, 44, 9.45, -9.98, 0.50763, 2, 43, 39.44, -24.52, 0.33096, 44, 17.85, -9.41, 0.66904, 2, 43, 46.11, -27.94, 0.30664, 44, 25.34, -9.5, 0.69336, 1, 44, 34.26, -9.6, 1, 1, 44, 44.51, -11.09, 1, 1, 44, 43.26, -2.31, 1, 3, 43, 66.19, -27.01, 0.00552, 44, 42.89, 0.29, 0.30348, 45, 33.87, -32.1, 0.691, 2, 44, 41.36, 11.18, 0.22586, 45, 36.79, -21.5, 0.77414, 2, 44, 40.41, 25.27, 0.09713, 45, 41.56, -8.2, 0.90287, 1, 45, 45.64, 3.18, 1, 1, 45, 37.84, 6.69, 1, 2, 43, 63.17, 13.51, 0.27287, 45, 28.77, 8.21, 0.72713, 2, 43, 53.15, 15.72, 0.3297, 45, 18.66, 9.9, 0.67031, 2, 43, 44.28, 16.78, 0.47781, 45, 9.74, 10.5, 0.52219, 2, 43, 33.6, 18.06, 0.65927, 45, -1, 11.23, 0.34073, 2, 43, 21.3, 16.79, 0.8289, 45, -13.21, 9.34, 0.1711, 2, 42, 42.78, 11.59, 0.184, 43, 9.25, 15.55, 0.816, 1, 42, 26.03, 12.36, 1, 1, 42, 4.55, 10.92, 1, 1, 42, -4.73, 8.21, 1, 1, 42, -12.94, -0.96, 1, 3, 43, 49.73, -3.04, 0.217, 44, 17.49, 14.41, 0.57976, 45, 16.2, -9.02, 0.20324, 1, 43, 29.09, 0.75, 1, 3, 43, 39.27, -13.71, 0.04697, 44, 12.88, 0.2, 0.83094, 45, 6.3, -20.21, 0.12209, 2, 44, 30.12, 28.24, 0.06201, 45, 33.3, -1.37, 0.93799, 2, 44, 30.69, 6.96, 0.24266, 45, 25.34, -21.12, 0.75734, 3, 43, 50.43, -17.39, 0.00888, 44, 24.5, 1.88, 0.391, 45, 17.64, -23.31, 0.60012, 3, 43, 50.2, -19.72, 0.02761, 44, 25.33, -0.31, 0.91782, 45, 17.53, -25.64, 0.05457 ],
					"hull": 25,
					"edges": [ 0, 2, 2, 4, 4, 6, 14, 16, 26, 28, 40, 42, 42, 44, 44, 46, 46, 48, 0, 48, 50, 52, 32, 34, 34, 36, 6, 8, 8, 10, 10, 12, 12, 14, 28, 30, 30, 32, 36, 38, 38, 40, 22, 24, 24, 26, 20, 22, 26, 56, 20, 60, 60, 54, 54, 62, 16, 18, 18, 20, 62, 18 ],
					"width": 72,
					"height": 105
				}
			},
			"pony2": {
				"pony2": {
					"type": "mesh",
					"uvs": [ 0, 0.01226, 0, 0.1606, 0.07048, 0.25835, 0.10916, 0.31199, 0.14855, 0.36662, 0.20194, 0.43853, 0.24878, 0.50163, 0.28647, 0.55239, 0.31721, 0.5938, 0.34739, 0.63445, 0.38869, 0.68438, 0.42486, 0.72811, 0.47503, 0.78875, 0.51441, 0.83636, 0.68143, 1, 0.81664, 0.95173, 1, 0.88168, 1, 0.79515, 0.83255, 0.65917, 0.76214, 0.61586, 0.7053, 0.58089, 0.639, 0.5401, 0.57804, 0.5026, 0.54049, 0.4656, 0.4953, 0.42108, 0.44369, 0.37023, 0.39267, 0.31998, 0.33546, 0.26361, 0.30395, 0.21752, 0.27184, 0.17055, 0.20025, 0.06582, 0.14457, 0.00402, 0.55254, 0.65391, 0.67684, 0.74492 ],
					"triangles": [ 20, 32, 21, 33, 20, 19, 33, 32, 20, 15, 18, 17, 18, 33, 19, 16, 15, 17, 15, 33, 18, 32, 22, 21, 12, 11, 32, 13, 12, 32, 33, 13, 32, 14, 33, 15, 13, 33, 14, 11, 10, 32, 5, 4, 27, 5, 27, 26, 6, 5, 26, 6, 26, 25, 7, 6, 25, 7, 25, 24, 8, 7, 24, 23, 9, 8, 23, 8, 24, 9, 23, 22, 32, 9, 22, 10, 9, 32, 1, 0, 31, 1, 31, 30, 2, 1, 30, 2, 30, 29, 3, 2, 29, 3, 29, 28, 4, 3, 28, 4, 28, 27 ],
					"vertices": [ 1, 46, -8.15, 1.06, 1, 1, 46, 0.99, -7.19, 1, 1, 46, 11.08, -8.12, 1, 2, 46, 16.61, -8.63, 0.79332, 47, -9.36, -8.01, 0.20668, 2, 46, 22.25, -9.15, 0.58284, 47, -3.74, -8.73, 0.41716, 2, 46, 29.76, -9.74, 0.2724, 47, 3.74, -9.59, 0.7276, 1, 47, 10.3, -10.34, 1, 3, 47, 15.58, -10.95, 0.94604, 48, -13.97, -12.12, 0.04291, 49, -14.81, -8.15, 0.01106, 3, 47, 19.89, -11.45, 0.85613, 48, -9.63, -11.92, 0.10558, 49, -10.79, -9.77, 0.03829, 3, 47, 24.12, -11.93, 0.71143, 48, -5.38, -11.72, 0.19561, 49, -6.84, -11.36, 0.09296, 3, 47, 29.57, -12.27, 0.5223, 48, 0.05, -11.18, 0.43941, 49, -1.68, -13.12, 0.03829, 3, 47, 34.34, -12.56, 0.3119, 48, 4.81, -10.71, 0.67704, 49, 2.85, -14.67, 0.01106, 3, 47, 40.96, -12.97, 0.13586, 48, 11.4, -10.06, 0.86244, 49, 9.12, -16.82, 0.0017, 1, 48, 16.58, -9.54, 1, 1, 48, 35.94, -5.54, 1, 2, 48, 39.32, 6.29, 0.504, 49, 41.3, -13.56, 0.496, 1, 49, 51.93, -0.54, 1, 1, 49, 48.28, 5.65, 1, 1, 49, 30.15, 8.06, 1, 3, 47, 47.84, 14.75, 0.10666, 48, 13.77, 18.41, 6.7E-4, 49, 23.11, 8.08, 0.89267, 3, 47, 42.36, 13.26, 0.27185, 48, 8.59, 16.06, 0.00627, 49, 17.42, 8.1, 0.72189, 3, 47, 35.96, 11.52, 0.49124, 48, 2.55, 13.32, 0.0254, 49, 10.79, 8.12, 0.48337, 3, 47, 30.07, 9.93, 0.69316, 48, -3, 10.81, 0.06975, 49, 4.69, 8.14, 0.23709, 3, 47, 25.62, 9.75, 0.82519, 48, -7.37, 9.92, 0.0254, 49, 0.35, 9.15, 0.14941, 4, 46, 45.58, 9.97, 0.01838, 47, 20.26, 9.53, 0.89666, 48, -12.62, 8.84, 0.00627, 49, -4.87, 10.36, 0.0787, 4, 46, 39.47, 9.5, 0.07351, 47, 14.14, 9.28, 0.89545, 48, -18.62, 7.62, 6.7E-4, 49, -10.84, 11.74, 0.03037, 2, 46, 33.44, 9.03, 0.1654, 47, 8.1, 9.04, 0.8346, 2, 46, 26.67, 8.51, 0.3509, 47, 1.31, 8.76, 0.6491, 2, 46, 22.01, 9.06, 0.65569, 47, -3.32, 9.48, 0.34431, 2, 46, 17.26, 9.62, 0.96629, 47, -8.04, 10.21, 0.03371, 1, 46, 6.69, 10.87, 1, 1, 46, -0.33, 10.75, 1, 2, 48, 6.04, 1.82, 0.512, 49, 9.18, -3.79, 0.488, 3, 47, 50.43, 2.03, 0.00322, 48, 18.36, 6.26, 0.48683, 49, 22.22, -4.87, 0.50995 ],
					"hull": 32,
					"edges": [ 0, 2, 26, 28, 28, 30, 30, 32, 32, 34, 34, 36, 60, 62, 0, 62, 2, 4, 58, 60, 18, 20, 20, 22, 22, 24, 24, 26, 40, 42, 42, 44, 36, 38, 38, 40, 66, 64, 54, 56, 56, 58, 50, 52, 52, 54, 8, 10, 10, 12, 4, 6, 6, 8, 12, 14, 48, 50, 14, 16, 16, 18, 44, 46, 46, 48, 44, 18 ],
					"width": 86,
					"height": 83
				}
			},
			"ringL": {
				"ringL": {
					"type": "mesh",
					"uvs": [ 0.53521, 0.02221, 0.95302, 0.12327, 0.88956, 0.66716, 0.45407, 1, 0.06137, 0.87066, 0.08698, 0.36748 ],
					"triangles": [ 2, 0, 1, 5, 0, 2, 3, 4, 5, 2, 3, 5 ],
					"vertices": [ 19.25, 6.34, 22.12, -4.57, 7.21, -11.38, -7.13, -6.66, -8.94, 4.11, 4.42, 11.17 ],
					"hull": 6,
					"edges": [ 0, 2, 2, 4, 4, 6, 6, 8, 8, 10, 0, 10 ],
					"width": 26,
					"height": 30
				}
			},
			"ringR": {
				"indexR": {
					"type": "mesh",
					"uvs": [ 0.34217, 0.00754, 0.1334, 0.26104, 0.01029, 0.43004, 0.03705, 0.81354, 0.19229, 0.95004, 0.45993, 0.99554, 0.71152, 0.69004, 0.83999, 0.61854, 0.96311, 0.31954, 0.97381, 0.15704, 0.68475, 0.05304, 0.50275, 0.01404, 0.53058, 0.3829, 0.35393, 0.5909 ],
					"triangles": [ 8, 10, 9, 12, 11, 10, 12, 10, 8, 0, 12, 1, 12, 0, 11, 13, 1, 12, 2, 1, 13, 7, 12, 8, 6, 12, 7, 13, 12, 6, 3, 2, 13, 4, 3, 13, 5, 13, 6, 4, 13, 5 ],
					"vertices": [ 7.29, -13.62, 16.75, -10.27, 22.57, -7.8, 26.37, 2.29, 23.25, 8.01, 15.59, 13.08, 4.18, 9.04, -0.62, 9.11, -8.01, 3.36, -10.29, -0.59, -2.68, -7.45, 2.44, -11.1, 6.03, -1.37, 13.96, 1.3 ],
					"hull": 12,
					"edges": [ 0, 2, 2, 4, 4, 6, 6, 8, 8, 10, 10, 12, 12, 14, 14, 16, 16, 18, 18, 20, 20, 22, 0, 22, 26, 24 ],
					"width": 34,
					"height": 28
				}
			},
			"rotate": {
				"rotate": {
					"type": "mesh",
					"color": "f0100cff",
					"uvs": [ 0.4808, 0, 0.34251, 0.15286, 0, 0.22277, 0, 0.75693, 0.29851, 1, 0.66937, 1, 1, 0.7793, 1, 0.34582, 0.60966, 0.13328 ],
					"triangles": [ 1, 0, 8, 3, 2, 1, 8, 7, 6, 4, 3, 1, 5, 4, 1, 1, 8, 5, 6, 5, 8 ],
					"vertices": [ 65.28, 1.19, 47.24, 15.71, 38.99, 51.67, -24.04, 51.67, -52.72, 20.33, -52.72, -18.61, -26.68, -53.33, 24.47, -53.33, 49.55, -12.34 ],
					"hull": 9,
					"edges": [ 0, 2, 2, 4, 4, 6, 6, 8, 8, 10, 10, 12, 12, 14, 14, 16, 0, 16 ],
					"width": 105,
					"height": 118
				}
			},
			"strap": {
				"strap": {
					"type": "mesh",
					"uvs": [ 0.3497, 0, 0.20076, 0.08266, 0.03528, 0.21906, 0.02425, 0.46741, 0.10147, 0.7687, 0, 0.82774, 0, 0.93563, 0.23386, 1, 0.83512, 1, 1, 0.87863, 1, 0.82774, 0.64757, 0.72188, 0.45451, 0.43891, 0.47657, 0.24348, 0.64205, 0.08674, 0.66964, 0.01752 ],
					"triangles": [ 8, 11, 10, 6, 5, 4, 6, 4, 7, 9, 8, 10, 7, 11, 8, 4, 12, 11, 7, 4, 11, 4, 3, 12, 3, 2, 12, 14, 0, 15, 13, 0, 14, 1, 0, 13, 13, 2, 1, 12, 2, 13 ],
					"vertices": [ 1, 56, -7.67, -10.94, 1, 1, 56, 8.72, -14, 1, 2, 56, 33.83, -14.48, 0.97853, 5, 58.57, 20.03, 0.02147, 3, 56, 72.49, 1.21, 0.01376, 5, 16.87, 21.2, 0.97688, 55, 69.28, 10.57, 0.00936, 1, 55, 18.95, 17.7, 1, 1, 55, 10.76, 26.13, 1, 1, 55, -6.87, 30.34, 1, 1, 55, -20.76, 18.75, 1, 1, 55, -29.43, -17.5, 1, 1, 55, -11.97, -32.19, 1, 1, 55, -3.66, -34.18, 1, 2, 5, -26.34, -16.92, 0.01753, 55, 18.72, -17.06, 0.98247, 1, 5, 21.34, -5.53, 1, 2, 56, 26.9, 12.31, 0.89504, 5, 54.16, -7.28, 0.10496, 1, 56, -1.35, 11.45, 1, 1, 56, -12.73, 8.47, 1 ],
					"hull": 16,
					"edges": [ 0, 2, 2, 4, 4, 6, 6, 8, 8, 10, 10, 12, 12, 14, 14, 16, 16, 18, 18, 20, 20, 22, 22, 24, 24, 26, 26, 28, 28, 30, 0, 30 ],
					"width": 62,
					"height": 168
				}
			},
			"thumbL": {
				"thumbL": {
					"type": "mesh",
					"uvs": [ 0.02769, 0.34733, 0.02655, 0.70501, 0.22471, 0.80529, 0.48611, 0.83593, 0.61892, 0.94736, 0.80232, 0.93622, 0.96886, 0.75793, 1, 0.55458, 0.91616, 0.3178, 0.82762, 0.17851, 0.68216, 0.05873, 0.52616, 0.02251, 0.38071, 0.0448, 0.2479, 0.09216, 0.1172, 0.16737, 0.37101, 0.43959, 0.66615, 0.51109 ],
					"triangles": [ 15, 13, 12, 14, 13, 15, 0, 14, 15, 10, 15, 11, 16, 10, 9, 16, 9, 8, 15, 12, 11, 10, 16, 15, 16, 8, 7, 1, 0, 15, 6, 16, 7, 2, 1, 15, 3, 15, 16, 16, 4, 3, 2, 15, 3, 6, 5, 16, 5, 4, 16 ],
					"vertices": [ 26.92, 6.64, 21.71, 15.19, 13.99, 13.74, 5.31, 9.4, -0.51, 9.49, -6.13, 5.67, -8.76, -1.81, -6.76, -7.27, -0.64, -11.29, 4.19, -12.89, 10.53, -12.93, 15.98, -10.77, 20.24, -7.42, 23.73, -3.72, 26.74, 0.61, 14.75, 2.18, 4.4, -1.83 ],
					"hull": 15,
					"edges": [ 0, 2, 2, 4, 4, 6, 6, 8, 8, 10, 10, 12, 12, 14, 14, 16, 16, 18, 18, 20, 20, 22, 22, 24, 24, 26, 26, 28, 0, 28, 30, 32 ],
					"width": 37,
					"height": 28
				}
			},
			"thumbR": {
				"thumbR": {
					"type": "mesh",
					"uvs": [ 0.66994, 0, 0.47672, 0.20244, 0.26261, 0.17988, 0.06939, 0.3378, 0, 0.68372, 0.10072, 0.9394, 0.40883, 1, 0.68561, 0.89428, 0.8005, 0.6386, 0.96761, 0.3754, 0.95716, 0.16484, 0.8475, 0.0746, 0.39532, 0.5683, 0.58237, 0.52462 ],
					"triangles": [ 1, 9, 13, 11, 1, 0, 11, 9, 1, 9, 11, 10, 12, 2, 1, 12, 1, 13, 3, 2, 12, 8, 13, 9, 4, 3, 12, 7, 13, 8, 5, 4, 12, 7, 6, 12, 7, 12, 13, 5, 12, 6 ],
					"vertices": [ -0.75, -8.32, 7.73, -6.88, 14.38, -10.8, 22.37, -10.36, 28.45, -3.72, 28.04, 3.62, 18.77, 9.9, 8.67, 11.96, 2.12, 8.07, -6.19, 4.85, -8.19, -0.04, -5.65, -3.81, 14.41, 0.02, 7.9, 2.03 ],
					"hull": 12,
					"edges": [ 0, 2, 2, 4, 4, 6, 6, 8, 8, 10, 10, 12, 12, 14, 14, 16, 16, 18, 18, 20, 20, 22, 0, 22, 24, 26 ],
					"width": 36,
					"height": 25
				}
			}
		}
	}
],
"animations": {
	"blink": {
		"slots": {
			"eyelids closed": {
				"attachment": [
					{ "name": "eyelids closed" },
					{ "time": 0.0667, "name": null }
				]
			}
		},
		"bones": {
			"eyelids": {
				"scale": [
					{ "curve": "stepped" },
					{
						"time": 0.0667,
						"y": 0.895,
						"curve": [ 0.107, 1, 0.158, 1, 0.107, 0.894, 0.158, 1 ]
					},
					{ "time": 0.3333 }
				]
			}
		}
	},
	"main": {
		"bones": {
			"hip": {
				"translate": [
					{
						"curve": [ 0.353, 0, 0.635, 0, 0.353, 0, 0.635, 13.43 ]
					},
					{
						"time": 1,
						"y": 13.43,
						"curve": [ 1.353, 0, 1.635, 0, 1.353, 13.43, 1.635, 0 ]
					},
					{ "time": 2 }
				],
				"scale": [
					{
						"curve": [ 0.353, 1, 0.635, 1, 0.353, 1, 0.635, 1.02 ]
					},
					{
						"time": 1,
						"y": 1.02,
						"curve": [ 1.353, 1, 1.635, 1, 1.353, 1.02, 1.635, 1 ]
					},
					{ "time": 2 }
				],
				"shear": [
					{
						"curve": [ 0.258, 0, 0.603, -1.77, 0.258, 0, 0.603, 0 ]
					},
					{
						"time": 1.0333,
						"x": -1.77,
						"curve": [ 1.275, -1.77, 1.598, 0, 1.275, 0, 1.598, 0 ]
					},
					{ "time": 2 }
				]
			},
			"femurR": {
				"rotate": [
					{
						"curve": [ 0.353, 0, 0.635, 4.89 ]
					},
					{
						"time": 1,
						"value": 4.89,
						"curve": [ 1.353, 4.89, 1.635, 0 ]
					},
					{ "time": 2 }
				],
				"translate": [
					{
						"curve": [ 0.353, 0, 0.635, -2.38, 0.353, 0, 0.635, 1.21 ]
					},
					{
						"time": 1,
						"x": -2.38,
						"y": 1.21,
						"curve": [ 1.353, -2.38, 1.635, 0, 1.353, 1.21, 1.635, 0 ]
					},
					{ "time": 2 }
				],
				"scale": [
					{
						"curve": [ 0.56, 1, 0.499, 0.983, 0.56, 1, 0.499, 1.047 ]
					},
					{
						"time": 1.0333,
						"x": 0.983,
						"y": 1.047,
						"curve": [ 1.557, 0.983, 1.5, 1, 1.557, 1.047, 1.5, 1 ]
					},
					{ "time": 2 }
				]
			},
			"tibiaR": {
				"rotate": [
					{
						"value": 2.94,
						"curve": [ 0.106, 1.32, 0.214, 0 ]
					},
					{ "time": 0.3333 },
					{
						"time": 1.5,
						"value": 8.62,
						"curve": [ 1.679, 8.62, 1.836, 5.44 ]
					},
					{ "time": 2, "value": 2.94 }
				],
				"shear": [
					{
						"curve": [ 0.502, 0, 0.527, 6.17, 0.502, 0, 0.527, 6.93 ]
					},
					{
						"time": 1.1667,
						"x": 6.17,
						"y": 6.93,
						"curve": [ 1.525, 6.17, 1.543, 0, 1.525, 6.93, 1.543, 0 ]
					},
					{ "time": 2 }
				]
			},
			"femurL": {
				"rotate": [
					{
						"curve": [ 0.542, 0, 0.483, -11.12 ]
					},
					{
						"time": 1,
						"value": -11.12,
						"curve": [ 1.353, -11.12, 1.635, 0 ]
					},
					{ "time": 2 }
				],
				"shear": [
					{
						"curve": [ 0.233, 0, 0.7, 0, 0.233, 0, 0.7, -3.15 ]
					},
					{
						"time": 0.9333,
						"y": -3.15,
						"curve": [ 1.2, 0, 1.733, 0, 1.2, -3.15, 1.733, 0 ]
					},
					{ "time": 2 }
				]
			},
			"tibiaL": {
				"rotate": [
					{
						"value": 3.49,
						"curve": [ 0.188, 6.86, 0.375, 10.24 ]
					},
					{
						"time": 0.5,
						"value": 10.24,
						"curve": [ 0.889, 4.84, 1.06, -3.26 ]
					},
					{
						"time": 1.5,
						"value": -3.26,
						"curve": [ 1.625, -3.26, 1.813, 0.11 ]
					},
					{ "time": 2, "value": 3.49 }
				],
				"shear": [
					{
						"curve": [ 0.15, 0, 0.265, 0, 0.15, 0, 0.265, -3.74 ]
					},
					{
						"time": 0.6,
						"y": -3.74,
						"curve": [ 0.8, 0, 0.954, 0, 0.8, -3.74, 0.954, 3.77 ]
					},
					{
						"time": 1.4,
						"y": 3.77,
						"curve": [ 1.55, 0, 1.665, 0, 1.55, 3.77, 1.665, 0 ]
					},
					{ "time": 2 }
				]
			},
			"lumbar": {
				"rotate": [
					{
						"curve": [ 0.353, 0, 0.635, 0.11 ]
					},
					{
						"time": 1,
						"value": 0.11,
						"curve": [ 1.353, 0.11, 1.635, 0 ]
					},
					{ "time": 2 }
				],
				"translate": [
					{
						"curve": [ 0.353, 0, 0.635, 2.48, 0.353, 0, 0.635, 0.23 ]
					},
					{
						"time": 1,
						"x": 2.48,
						"y": 0.23,
						"curve": [ 1.353, 2.48, 1.635, 0, 1.353, 0.23, 1.635, 0 ]
					},
					{ "time": 2 }
				]
			},
			"thorax": {
				"rotate": [
					{
						"value": 0.96,
						"curve": [ 0.106, 0.41, 0.215, 0 ]
					},
					{ "time": 0.3333 },
					{
						"time": 1.3333,
						"value": 3.86,
						"curve": [ 1.572, 3.86, 1.779, 2.12 ]
					},
					{ "time": 2, "value": 0.96 }
				],
				"translate": [
					{
						"curve": [ 0.353, 0, 0.635, 2.96, 0.353, 0, 0.635, -0.65 ]
					},
					{
						"time": 1,
						"x": 2.96,
						"y": -0.65,
						"curve": [ 1.353, 2.96, 1.635, 0, 1.353, -0.65, 1.635, 0 ]
					},
					{ "time": 2 }
				]
			},
			"humerusR": {
				"rotate": [
					{
						"value": -3.47,
						"curve": [ 0.306, -3.47, 0.55, 7.6 ]
					},
					{
						"time": 0.8667,
						"value": 7.6,
						"curve": [ 1.267, 7.6, 1.586, -3.47 ]
					},
					{ "time": 2, "value": -3.47 }
				],
				"translate": [
					{
						"curve": [ 0.524, 0, 0.467, -1.09, 0.524, 0, 0.467, -1.53 ]
					},
					{
						"time": 0.9667,
						"x": -1.09,
						"y": -1.53,
						"curve": [ 1.527, -1.09, 1.466, 0, 1.527, -1.53, 1.466, 0 ]
					},
					{ "time": 2 }
				],
				"shear": [
					{
						"curve": [ 0.242, 0, 0.571, 0, 0.242, 0, 0.571, 2.88 ]
					},
					{
						"time": 0.9667,
						"y": 2.88,
						"curve": [ 1.225, 0, 1.577, 0, 1.225, 2.88, 1.577, 0 ]
					},
					{ "time": 2 }
				]
			},
			"radiusR": {
				"rotate": [
					{
						"value": -4.65,
						"curve": [ 0.106, -7.31, 0.214, -9.49 ]
					},
					{
						"time": 0.3333,
						"value": -9.49,
						"curve": [ 0.745, -9.49, 1.074, 4.71 ]
					},
					{
						"time": 1.5,
						"value": 4.71,
						"curve": [ 1.679, 4.71, 1.836, -0.53 ]
					},
					{ "time": 2, "value": -4.65 }
				]
			},
			"humerusL": {
				"rotate": [
					{
						"curve": [ 0.318, 0, 0.572, 17.79 ]
					},
					{
						"time": 0.9,
						"value": 17.79,
						"curve": [ 1.288, 17.79, 1.599, 0 ]
					},
					{ "time": 2 }
				],
				"translate": [
					{
						"curve": [ 0.318, 0, 0.572, 0.05, 0.318, 0, 0.572, 0.95 ]
					},
					{
						"time": 0.9,
						"x": 0.05,
						"y": 0.95,
						"curve": [ 1.288, 0.05, 1.599, 0, 1.288, 0.95, 1.599, 0 ]
					},
					{ "time": 2 }
				]
			},
			"radiusL": {
				"rotate": [
					{
						"value": 2.92,
						"curve": [ 0.074, 1.23, 0.151, 0 ]
					},
					{ "time": 0.2333 },
					{
						"time": 0.6667,
						"value": -5.95,
						"curve": [ 0.933, 2.7, 1.197, 12.85 ]
					},
					{
						"time": 1.5,
						"value": 12.85,
						"curve": [ 1.679, 12.85, 1.834, 6.79 ]
					},
					{ "time": 2, "value": 2.92 }
				],
				"translate": [
					{
						"curve": [ 0.25, 0, 0.75, -5.1, 0.25, 0, 0.75, -2.48 ]
					},
					{
						"time": 1,
						"x": -5.1,
						"y": -2.48,
						"curve": [ 1.25, -5.1, 1.75, 0, 1.25, -2.48, 1.75, 0 ]
					},
					{ "time": 2 }
				],
				"shear": [
					{
						"curve": [ 0.242, 0, 0.471, 0, 0.242, 0, 0.471, 3.39 ]
					},
					{
						"time": 0.9667,
						"y": 3.39,
						"curve": [ 1.225, 0, 1.47, 0, 1.225, 3.39, 1.47, 0 ]
					},
					{ "time": 2 }
				]
			},
			"head": {
				"translate": [
					{
						"x": 3,
						"y": 0.95,
						"curve": [ 0.353, 3, 0.635, 0, 0.353, 0.95, 0.635, 0 ]
					},
					{
						"time": 1,
						"curve": [ 1.353, 0, 1.635, 3, 1.353, 0, 1.635, 0.95 ]
					},
					{ "time": 2, "x": 3, "y": 0.95 }
				],
				"scale": [
					{
						"curve": [ 0.353, 1, 0.655, 1.007, 0.353, 1, 0.655, 0.98 ]
					},
					{
						"time": 1,
						"x": 1.007,
						"y": 0.98,
						"curve": [ 1.353, 1.007, 1.655, 1, 1.353, 0.98, 1.655, 1 ]
					},
					{ "time": 2 }
				]
			},
			"rr": {
				"rotate": [
					{
						"curve": [ 0.922, 0, 0.611, 51.4 ]
					},
					{
						"time": 1.1667,
						"value": 51.4,
						"curve": [ 1.825, 51.4, 1.696, 0 ]
					},
					{ "time": 2 }
				]
			},
			"strap anchor": {
				"translate": [
					{
						"curve": [ 0.353, 0, 0.655, 1.54, 0.353, 0, 0.655, -0.5 ]
					},
					{
						"time": 1,
						"x": 1.54,
						"y": -0.5,
						"curve": [ 1.353, 1.54, 1.655, 0, 1.353, -0.5, 1.655, 0 ]
					},
					{ "time": 2 }
				],
				"scale": [
					{
						"curve": [ 0.542, 1, 0.483, 0.97, 0.542, 1, 0.483, 1 ]
					},
					{
						"time": 1,
						"x": 0.97,
						"curve": [ 1.542, 0.97, 1.483, 1, 1.542, 1, 1.483, 1 ]
					},
					{ "time": 2 }
				]
			},
			"strap tie": {
				"translate": [
					{
						"curve": [ 0.353, 0, 0.635, 0.4, 0.353, 0, 0.635, 0.6 ]
					},
					{
						"time": 1,
						"x": 0.4,
						"y": 0.6,
						"curve": [ 1.353, 0.4, 1.635, 0, 1.353, 0.6, 1.635, 0 ]
					},
					{ "time": 2 }
				]
			},
			"arrowY": {
				"translate": [
					{
						"curve": [ 0.116, 0, 0.226, 2.1, 0.116, 0, 0.226, 2.49 ]
					},
					{
						"time": 0.3333,
						"x": 5.26,
						"y": 6.23,
						"curve": [ 0.662, -2.34, 0.966, -17.78, 0.662, -2.78, 0.966, -21.06 ]
					},
					{
						"time": 1.3333,
						"x": -17.78,
						"y": -21.06,
						"curve": [ 1.467, -17.78, 1.527, 0, 1.467, -21.06, 1.527, 0 ]
					},
					{ "time": 2 }
				]
			},
			"arrowX": {
				"translate": [
					{
						"curve": [ 0.116, 0, 0.226, 3.5, 0.116, 0, 0.226, -0.29 ]
					},
					{
						"time": 0.3333,
						"x": 8.76,
						"y": -0.72,
						"curve": [ 0.662, -1.84, 0.966, -23.36, 0.662, 0.15, 0.966, 1.92 ]
					},
					{
						"time": 1.3333,
						"x": -23.36,
						"y": 1.92,
						"curve": [ 1.467, -23.36, 1.527, 0, 1.467, 1.92, 1.527, 0 ]
					},
					{ "time": 2 }
				]
			},
			"hairR1": {
				"rotate": [
					{
						"curve": [ 0.075, 1.5, 0.212, 4.41 ]
					},
					{
						"time": 0.3333,
						"value": 4.41,
						"curve": [ 0.451, 4.41, 0.545, -4.75 ]
					},
					{
						"time": 0.6667,
						"value": -4.75,
						"curve": [ 0.855, -4.75, 1.005, 4.41 ]
					},
					{
						"time": 1.2,
						"value": 4.41,
						"curve": [ 1.306, 4.41, 1.391, -1.44 ]
					},
					{
						"time": 1.5,
						"value": -1.44,
						"curve": [ 1.582, -1.44, 1.648, -6.09 ]
					},
					{
						"time": 1.7333,
						"value": -6.09,
						"curve": [ 1.827, -6.09, 1.953, -1.64 ]
					},
					{ "time": 2 }
				],
				"scale": [
					{
						"curve": [ 0.212, 1, 0.393, 1, 0.212, 1, 0.393, 1.119 ]
					},
					{
						"time": 0.6,
						"y": 1.119,
						"curve": [ 0.741, 1, 0.862, 1, 0.741, 1.119, 0.862, 1 ]
					},
					{
						"time": 1,
						"curve": [ 1.212, 1, 1.393, 1, 1.212, 1, 1.393, 1.119 ]
					},
					{
						"time": 1.6,
						"y": 1.119,
						"curve": [ 1.741, 1, 1.862, 1, 1.741, 1.119, 1.862, 1 ]
					},
					{ "time": 2 }
				]
			},
			"hairM": {
				"rotate": [
					{
						"value": -2.49,
						"curve": [ 0.11, -1.2, 0.225, 0 ]
					},
					{ "time": 0.4667 },
					{
						"time": 1.4667,
						"value": -5.53,
						"curve": [ 1.756, -5.53, 1.874, -3.95 ]
					},
					{ "time": 2, "value": -2.49 }
				]
			},
			"hairMR": {
				"rotate": [
					{
						"curve": [ 0.176, 0, 0.328, -4.65 ]
					},
					{
						"time": 0.5,
						"value": -4.65,
						"curve": [ 0.677, -4.65, 0.828, 4.36 ]
					},
					{
						"time": 1,
						"value": 4.36,
						"curve": [ 1.176, 4.36, 1.328, -8.59 ]
					},
					{
						"time": 1.5,
						"value": -8.59,
						"curve": [ 1.677, -8.59, 1.828, 0 ]
					},
					{ "time": 2 }
				]
			},
			"hairML": {
				"rotate": [
					{
						"curve": [ 0.177, 0.46, 0.5, 1.52 ]
					},
					{
						"time": 0.6667,
						"value": 1.52,
						"curve": [ 0.833, 1.52, 1.167, -11.96 ]
					},
					{
						"time": 1.3333,
						"value": -11.96,
						"curve": [ 1.5, -11.96, 1.863, -2.99 ]
					},
					{ "time": 2 }
				],
				"shear": [
					{},
					{ "time": 1.2, "x": 5.99 },
					{ "time": 2 }
				]
			},
			"hairL1": {
				"rotate": [
					{
						"curve": [ 0.292, 0, 0.875, -8.18 ]
					},
					{
						"time": 1.1667,
						"value": -8.18,
						"curve": [ 1.375, -8.18, 1.792, 0 ]
					},
					{ "time": 2 }
				]
			},
			"hairL2": {
				"rotate": [
					{
						"curve": [ 0.176, 0, 0.328, -4.72 ]
					},
					{
						"time": 0.5,
						"value": -4.72,
						"curve": [ 0.677, -4.72, 0.828, -0.28 ]
					},
					{
						"time": 1,
						"value": -0.28,
						"curve": [ 1.176, -0.28, 1.328, -6.78 ]
					},
					{
						"time": 1.5,
						"value": -6.78,
						"curve": [ 1.677, -6.78, 1.828, 0 ]
					},
					{ "time": 2 }
				],
				"scale": [
					{
						"y": 1.03,
						"curve": [ 0.164, 1, 0.327, 1, 0.164, 1.015, 0.327, 1 ]
					},
					{ "time": 0.5 },
					{
						"time": 1.5,
						"y": 1.06,
						"curve": [ 1.676, 1, 1.838, 1, 1.676, 1.06, 1.838, 1.045 ]
					},
					{ "time": 2, "y": 1.03 }
				]
			},
			"hairR2": {
				"rotate": [
					{
						"curve": [ 0.353, 0, 0.655, 1.76 ]
					},
					{
						"time": 1,
						"value": 1.76,
						"curve": [ 1.353, 1.76, 1.655, 0 ]
					},
					{ "time": 2 }
				],
				"scale": [
					{
						"x": 1.003,
						"y": 1.016,
						"curve": [ 0.093, 1.001, 0.202, 1, 0.093, 1.007, 0.202, 1 ]
					},
					{ "time": 0.4 },
					{
						"time": 1.4,
						"x": 1.01,
						"y": 1.051,
						"curve": [ 1.736, 1.01, 1.849, 1.006, 1.736, 1.051, 1.849, 1.031 ]
					},
					{ "time": 2, "x": 1.003, "y": 1.016 }
				]
			},
			"hairR2 2": {
				"rotate": [
					{
						"curve": [ 0.106, 0, 0.196, 13.77 ]
					},
					{
						"time": 0.3,
						"value": 13.77,
						"curve": [ 0.5, 13.77, 0.671, 3.94 ]
					},
					{
						"time": 0.8667,
						"value": 3.94,
						"curve": [ 1.09, 3.94, 1.282, 13.77 ]
					},
					{
						"time": 1.5,
						"value": 13.77,
						"curve": [ 1.677, 13.77, 1.828, 0 ]
					},
					{ "time": 2 }
				],
				"shear": [
					{},
					{ "time": 1.0667, "x": 9.12 },
					{ "time": 2 }
				]
			},
			"eyelids": {
				"translate": [
					{},
					{ "time": 1, "x": -0.98, "y": -0.13 },
					{ "time": 2 }
				]
			},
			"mouth": {
				"translate": [
					{
						"curve": [ 0.25, 0, 0.75, -1.18, 0.25, 0, 0.75, 0.02 ]
					},
					{
						"time": 1,
						"x": -1.18,
						"y": 0.02,
						"curve": [ 1.25, -1.18, 1.75, 0, 1.25, 0.02, 1.75, 0 ]
					},
					{ "time": 2 }
				]
			},
			"mouth opening": {
				"translate": [
					{
						"curve": [ 0.353, 0, 0.655, 0, 0.353, 0, 0.655, -0.65 ]
					},
					{
						"time": 1,
						"y": -0.65,
						"curve": [ 1.353, 0, 1.655, 0, 1.353, -0.65, 1.655, 0 ]
					},
					{ "time": 2 }
				],
				"scale": [
					{
						"curve": [ 0.353, 1, 0.655, 0.848, 0.353, 1, 0.655, 0.958 ]
					},
					{
						"time": 1,
						"x": 0.848,
						"y": 0.958,
						"curve": [ 1.353, 0.848, 1.655, 1, 1.353, 0.958, 1.655, 1 ]
					},
					{ "time": 2 }
				]
			},
			"browR": {
				"translate": [
					{
						"curve": [ 0.353, 0, 0.655, 0.13, 0.353, 0, 0.655, -4.72 ]
					},
					{
						"time": 1,
						"x": 0.13,
						"y": -4.72,
						"curve": [ 1.353, 0.13, 1.655, 0, 1.353, -4.72, 1.655, 0 ]
					},
					{ "time": 2 }
				]
			},
			"browL": {
				"translate": [
					{
						"curve": [ 0.353, 0, 0.655, -2.35, 0.353, 0, 0.655, 4.94 ]
					},
					{
						"time": 1,
						"x": -2.35,
						"y": 4.94,
						"curve": [ 1.353, -2.35, 1.655, 0, 1.353, 4.94, 1.655, 0 ]
					},
					{ "time": 2 }
				]
			},
			"hairSide": {
				"rotate": [
					{
						"curve": [ 0.053, -2.27, 0.153, -7.56 ]
					},
					{
						"time": 0.2333,
						"value": -7.56,
						"curve": [ 0.457, -7.56, 0.648, 10.26 ]
					},
					{
						"time": 0.8667,
						"value": 10.26,
						"curve": [ 1.043, 10.26, 1.194, -7.47 ]
					},
					{
						"time": 1.3667,
						"value": -7.47,
						"curve": [ 1.508, -7.47, 1.629, 8.26 ]
					},
					{
						"time": 1.7667,
						"value": 8.26,
						"curve": [ 1.849, 8.26, 1.957, 3.63 ]
					},
					{ "time": 2 }
				],
				"scale": [
					{},
					{ "time": 0.5, "x": 1.06, "y": 0.926 },
					{ "time": 1, "x": 1.005, "y": 0.951 },
					{ "time": 1.5, "x": 1.06, "y": 0.926 },
					{ "time": 2 }
				],
				"shear": [
					{},
					{ "time": 1.2, "x": 5, "y": -5.19 },
					{ "time": 2 }
				]
			},
			"thumbL": {
				"rotate": [
					{
						"curve": [ 0.289, 0, 0.258, 21.41 ]
					},
					{
						"time": 0.5333,
						"value": 21.41,
						"curve": [ 0.985, 21.41, 0.936, -22.4 ]
					},
					{
						"time": 1.3667,
						"value": -22.4,
						"curve": [ 1.59, -22.4, 1.782, 0 ]
					},
					{ "time": 2 }
				],
				"translate": [
					{
						"curve": [ 0.353, 0, 0.655, 4.54, 0.353, 0, 0.655, -3.02 ]
					},
					{
						"time": 1,
						"x": 4.54,
						"y": -3.02,
						"curve": [ 1.353, 4.54, 1.655, 0, 1.353, -3.02, 1.655, 0 ]
					},
					{ "time": 2 }
				]
			},
			"indexL": {
				"rotate": [
					{
						"value": 3.23,
						"curve": [ 0.109, 1.49, 0.218, 0 ]
					},
					{ "time": 0.3333 },
					{
						"time": 0.9,
						"value": -9.85,
						"curve": [ 1.124, -9.85, 1.315, 8.52 ]
					},
					{
						"time": 1.5333,
						"value": 8.52,
						"curve": [ 1.698, 8.52, 1.848, 5.61 ]
					},
					{ "time": 2, "value": 3.23 }
				],
				"translate": [
					{
						"x": -0.91,
						"y": -0.81,
						"curve": [ 0.14, -0.39, 0.27, 0, 0.14, -0.35, 0.27, 0 ]
					},
					{ "time": 0.3667 },
					{
						"time": 1.2667,
						"x": -3.21,
						"y": -2.85,
						"curve": [ 1.445, -3.21, 1.743, -1.83, 1.445, -2.85, 1.743, -1.63 ]
					},
					{ "time": 2, "x": -0.91, "y": -0.81 }
				],
				"shear": [
					{},
					{ "time": 1.4, "x": -2.26, "y": -8.68 },
					{ "time": 2 }
				]
			},
			"middleL": {
				"rotate": [
					{ "time": 0.3333 },
					{ "time": 0.7667, "value": -13.32 },
					{ "time": 1.1667, "value": -0.18 },
					{ "time": 2 }
				],
				"translate": [
					{
						"curve": [ 0.109, 0, 0.27, 0.08, 0.109, 0, 0.27, 1.17 ]
					},
					{
						"time": 0.4333,
						"x": 0.16,
						"y": 2.38,
						"curve": [ 0.819, -1.14, 1.209, -2.49, 0.819, -1.56, 1.209, -5.66 ]
					},
					{
						"time": 1.4667,
						"x": -2.49,
						"y": -5.66,
						"curve": [ 1.6, -2.49, 1.867, 0, 1.6, -5.66, 1.867, 0 ]
					},
					{ "time": 2 }
				]
			},
			"ringL": {
				"rotate": [
					{ "value": -20.62, "curve": "stepped" },
					{
						"time": 0.4667,
						"value": -20.62,
						"curve": [ 0.55, -20.62, 0.717, -17.66 ]
					},
					{
						"time": 0.8,
						"value": -17.66,
						"curve": [ 0.942, -17.66, 1.154, -2.75 ]
					},
					{
						"time": 1.3667,
						"value": 12.77,
						"curve": [ 1.603, -3.59, 1.842, -20.62 ]
					},
					{ "time": 2, "value": -20.62 }
				],
				"translate": [
					{
						"x": -2.13,
						"y": -2.28,
						"curve": [ 0.127, -0.92, 0.245, 0, 0.127, -0.98, 0.245, 0 ]
					},
					{ "time": 0.3333 },
					{
						"time": 0.7667,
						"x": -1.19,
						"y": 0.28,
						"curve": [ 0.975, -4.1, 1.194, -7.52, 0.975, -3.54, 1.194, -8.02 ]
					},
					{
						"time": 1.3333,
						"x": -7.52,
						"y": -8.02,
						"curve": [ 1.495, -7.52, 1.766, -4.29, 1.495, -8.02, 1.766, -4.58 ]
					},
					{ "time": 2, "x": -2.13, "y": -2.28 }
				]
			},
			"pinkyL": {
				"rotate": [
					{
						"value": 7.21,
						"curve": [ 0.109, 3.1, 0.219, 0 ]
					},
					{ "time": 0.3333 },
					{
						"time": 1.1,
						"value": -20.2,
						"curve": [ 1.217, -20.2, 1.45, 27.65 ]
					},
					{
						"time": 1.5667,
						"value": 27.65,
						"curve": [ 1.72, 27.65, 1.858, 15.39 ]
					},
					{ "time": 2, "value": 7.21 }
				],
				"translate": [
					{
						"x": -4.47,
						"y": -1.74,
						"curve": [ 0.126, -2.15, 0.249, 0, 0.126, -0.84, 0.249, 0 ]
					},
					{ "time": 0.3333 },
					{
						"time": 0.8333,
						"x": 0.79,
						"y": 0.5,
						"curve": [ 1.111, -4.03, 1.412, -10.17, 1.111, -1.46, 1.412, -3.95 ]
					},
					{
						"time": 1.6,
						"x": -10.17,
						"y": -3.95,
						"curve": [ 1.699, -10.17, 1.852, -7.21, 1.699, -3.95, 1.852, -2.8 ]
					},
					{ "time": 2, "x": -4.47, "y": -1.74 }
				],
				"scale": [
					{
						"x": 0.97,
						"y": 0.993,
						"curve": [ 0.127, 0.987, 0.245, 1, 0.127, 0.997, 0.245, 1 ]
					},
					{ "time": 0.3333 },
					{
						"time": 1.3333,
						"x": 0.893,
						"y": 0.977,
						"curve": [ 1.495, 0.893, 1.766, 0.939, 1.495, 0.977, 1.766, 0.987 ]
					},
					{ "time": 2, "x": 0.97, "y": 0.993 }
				],
				"shear": [
					{},
					{ "time": 0.8667, "x": -8.47 },
					{ "time": 2 }
				]
			},
			"handL": {
				"rotate": [
					{
						"curve": [ 0.167, 0, 0.5, -13.99 ]
					},
					{
						"time": 0.6667,
						"value": -13.99,
						"curve": [ 0.867, -13.99, 1.267, -1.76 ]
					},
					{
						"time": 1.4667,
						"value": -1.76,
						"curve": [ 1.6, -1.76, 1.867, 0 ]
					},
					{ "time": 2 }
				],
				"translate": [
					{
						"curve": [ 0.25, 0, 0.75, -2.95, 0.25, 0, 0.75, -3.59 ]
					},
					{
						"time": 1,
						"x": -2.95,
						"y": -3.59,
						"curve": [ 1.25, -2.95, 1.75, 0, 1.25, -3.59, 1.75, 0 ]
					},
					{ "time": 2 }
				],
				"scale": [
					{
						"curve": [ 0.353, 1, 0.655, 1.08, 0.353, 1, 0.655, 1.08 ]
					},
					{
						"time": 1,
						"x": 1.08,
						"y": 1.08,
						"curve": [ 1.353, 1.08, 1.655, 1, 1.353, 1.08, 1.655, 1 ]
					},
					{ "time": 2 }
				]
			},
			"thumbR": {
				"rotate": [
					{
						"curve": [ 0.267, 0, 0.519, 6.42 ]
					},
					{
						"time": 0.7667,
						"value": 14.27,
						"curve": [ 0.901, 13.56, 1.034, 12.8 ]
					},
					{
						"time": 1.1667,
						"value": 12.05,
						"curve": [ 1.461, 12.05, 1.713, 0 ]
					},
					{ "time": 2 }
				],
				"translate": [
					{
						"curve": [ 0.176, 0, 0.338, 1.09, 0.176, 0, 0.338, 0.56 ]
					},
					{
						"time": 0.5,
						"x": 2.17,
						"y": 1.11,
						"curve": [ 0.589, -0.26, 0.677, -2.69, 0.589, 2.28, 0.677, 3.44 ]
					},
					{
						"time": 0.7667,
						"x": -4.4,
						"y": 4.26,
						"curve": [ 0.843, -5.9, 0.92, -6.86, 0.843, 3.15, 0.92, 2.44 ]
					},
					{
						"time": 1,
						"x": -6.86,
						"y": 2.44,
						"curve": [ 1.176, -6.86, 1.338, -3.51, 1.176, 2.44, 1.338, 2.64 ]
					},
					{
						"time": 1.5,
						"x": -0.16,
						"y": 2.84,
						"curve": [ 1.664, -0.08, 1.827, 0, 1.664, 1.42, 1.827, 0 ]
					},
					{ "time": 2 }
				]
			},
			"indexR": {
				"rotate": [
					{
						"curve": [ 0.353, 0, 0.655, 5.33 ]
					},
					{
						"time": 1,
						"value": 5.33,
						"curve": [ 1.353, 5.33, 1.655, 0 ]
					},
					{ "time": 2 }
				],
				"translate": [
					{
						"curve": [ 0.151, 0, 0.293, 1.28, 0.151, 0, 0.293, 2.69 ]
					},
					{
						"time": 0.4333,
						"x": 2.73,
						"y": 5.72,
						"curve": [ 0.62, 2.74, 0.803, 2.75, 0.62, 9.12, 0.803, 13.12 ]
					},
					{
						"time": 1,
						"x": 2.75,
						"y": 13.12,
						"curve": [ 1.353, 2.75, 1.655, 0, 1.353, 13.12, 1.655, 0 ]
					},
					{ "time": 2 }
				]
			},
			"middleR": {
				"rotate": [
					{
						"curve": [ 0.353, 0, 0.655, 11.81 ]
					},
					{
						"time": 1,
						"value": 11.81,
						"curve": [ 1.353, 11.81, 1.655, 0 ]
					},
					{ "time": 2 }
				],
				"translate": [
					{
						"curve": [ 0.176, 0, 0.338, 2.59, 0.176, 0, 0.338, -0.4 ]
					},
					{
						"time": 0.5,
						"x": 5.18,
						"y": -0.79,
						"curve": [ 0.664, 6.59, 0.827, 7.99, 0.664, 2.26, 0.827, 5.31 ]
					},
					{
						"time": 1,
						"x": 7.99,
						"y": 5.31,
						"curve": [ 1.176, 7.99, 1.328, 5.18, 1.176, 5.31, 1.328, -0.79 ]
					},
					{
						"time": 1.5,
						"x": 5.18,
						"y": -0.79,
						"curve": [ 1.664, 2.59, 1.827, 0, 1.664, -0.4, 1.827, 0 ]
					},
					{ "time": 2 }
				]
			},
			"ringR": {
				"rotate": [
					{
						"curve": [ 0.353, 0, 0.655, 11.72 ]
					},
					{
						"time": 1,
						"value": 11.72,
						"curve": [ 1.353, 11.72, 1.655, 0 ]
					},
					{ "time": 2 }
				],
				"translate": [
					{
						"curve": [ 0.176, 0, 0.338, 2.11, 0.176, 0, 0.338, -0.83 ]
					},
					{
						"time": 0.5,
						"x": 4.22,
						"y": -1.67,
						"curve": [ 0.664, 6.71, 0.827, 9.2, 0.664, -0.32, 0.827, 1.03 ]
					},
					{
						"time": 1,
						"x": 9.2,
						"y": 1.03,
						"curve": [ 1.176, 9.2, 1.328, 4.22, 1.176, 1.03, 1.328, -1.67 ]
					},
					{
						"time": 1.5,
						"x": 4.22,
						"y": -1.67,
						"curve": [ 1.664, 2.11, 1.827, 0, 1.664, -0.83, 1.827, 0 ]
					},
					{ "time": 2 }
				]
			},
			"footL": {
				"rotate": [
					{
						"value": -2.12,
						"curve": [ 0.197, 1.81, 0.392, 6.06 ]
					},
					{
						"time": 0.6,
						"value": 6.06,
						"curve": [ 0.918, 6.06, 1.189, -8.2 ]
					},
					{
						"time": 1.5,
						"value": -8.2,
						"curve": [ 1.675, -8.2, 1.839, -5.28 ]
					},
					{ "time": 2, "value": -2.12 }
				]
			},
			"pinkyR": {
				"rotate": [
					{
						"curve": [ 0.447, 0, 0.83, -2.36 ]
					},
					{
						"time": 1.2667,
						"value": -2.36,
						"curve": [ 1.526, -2.36, 1.747, 0 ]
					},
					{ "time": 2 }
				],
				"translate": [
					{
						"curve": [ 0.235, 0, 0.449, -0.02, 0.235, 0, 0.449, -5.96 ]
					},
					{
						"time": 0.6667,
						"x": -0.04,
						"y": -9.93,
						"curve": [ 0.862, 1.89, 1.06, 3.35, 0.862, -10.28, 1.06, -10.55 ]
					},
					{
						"time": 1.2667,
						"x": 3.35,
						"y": -10.55,
						"curve": [ 1.526, 3.35, 1.747, 0, 1.526, -10.55, 1.747, 0 ]
					},
					{ "time": 2 }
				]
			},
			"handR": {
				"rotate": [
					{
						"curve": [ 0.79, 0, 0.635, -4.18 ]
					},
					{
						"time": 1,
						"value": -4.18,
						"curve": [ 1.79, -4.18, 1.635, 0 ]
					},
					{ "time": 2 }
				]
			},
			"pony1 1": {
				"rotate": [
					{
						"curve": [ 0.353, 0, 0.655, -12.37 ]
					},
					{
						"time": 1,
						"value": -12.37,
						"curve": [ 1.353, -12.37, 1.655, 0 ]
					},
					{ "time": 2 }
				]
			},
			"pony1 2": {
				"rotate": [
					{
						"value": 4.42,
						"curve": [ 0.13, 7.65, 0.262, 10.3 ]
					},
					{
						"time": 0.4,
						"value": 10.3,
						"curve": [ 0.753, 10.3, 1.055, -6.34 ]
					},
					{
						"time": 1.4,
						"value": -6.34,
						"curve": [ 1.612, -6.34, 1.805, -0.31 ]
					},
					{ "time": 2, "value": 4.42 }
				]
			},
			"pony1 3R": {
				"rotate": [
					{
						"value": -7.59,
						"curve": [ 0.4, -1.78, 0.357, 12.46 ]
					},
					{
						"time": 0.6667,
						"value": 12.46,
						"curve": [ 1.588, 12.46, 1.408, -8.14 ]
					},
					{
						"time": 1.8333,
						"value": -8.14,
						"curve": [ 1.904, -8.14, 1.958, -7.93 ]
					},
					{ "time": 2, "value": -7.59 }
				],
				"shear": [
					{},
					{ "time": 1.2, "y": -10.64 },
					{ "time": 2 }
				]
			},
			"pony1 3L": {
				"rotate": [
					{
						"value": -0.17,
						"curve": [ 0.139, 5.19, 0.263, 10.99 ]
					},
					{
						"time": 0.5667,
						"value": 10.99,
						"curve": [ 1.304, 10.99, 1.159, -8.14 ]
					},
					{
						"time": 1.5,
						"value": -8.14,
						"curve": [ 1.761, -8.14, 1.886, -4.31 ]
					},
					{ "time": 2, "value": -0.17 }
				],
				"shear": [
					{},
					{ "time": 1.3, "y": 12.74 },
					{ "time": 2 }
				]
			},
			"pony2 1": {
				"rotate": [
					{
						"value": -8.24,
						"curve": [ 0.258, -5.6, 0.5, 0 ]
					},
					{ "time": 0.7667 },
					{
						"time": 1.7667,
						"value": -9.51,
						"curve": [ 1.847, -9.51, 1.924, -9.01 ]
					},
					{ "time": 2, "value": -8.24 }
				]
			},
			"pony2 2": {
				"rotate": [
					{
						"value": -16.39,
						"curve": [ 0.116, -16.39, 0.226, -14.15 ]
					},
					{
						"time": 0.3333,
						"value": -11.17,
						"curve": [ 0.555, -9.69, 0.768, -7.46 ]
					},
					{
						"time": 1,
						"value": -7.46,
						"curve": [ 1.353, -7.46, 1.655, -16.39 ]
					},
					{ "time": 2, "value": -16.39 }
				]
			},
			"pony2 3R": {
				"rotate": [
					{
						"value": -11.29,
						"curve": [ 0.47, -11.29, 0.419, -6.62 ]
					},
					{
						"time": 0.8667,
						"value": -6.62,
						"curve": [ 1.481, -6.62, 1.414, -11.29 ]
					},
					{ "time": 2, "value": -11.29 }
				]
			},
			"pony2 3L": {
				"rotate": [
					{
						"value": -10.97,
						"curve": [ 0.315, -8.89, 0.293, 0 ]
					},
					{
						"time": 0.6667,
						"curve": [ 1.209, 0, 1.15, -13.51 ]
					},
					{
						"time": 1.6667,
						"value": -13.51,
						"curve": [ 1.847, -13.51, 1.828, -10.97 ]
					},
					{ "time": 2, "value": -10.97 }
				]
			},
			"irisR": {
				"translate": [
					{
						"curve": [ 0.25, 0, 0.75, 0.26, 0.25, 0, 0.75, -1.36 ]
					},
					{
						"time": 1,
						"x": 0.26,
						"y": -1.36,
						"curve": [ 1.25, 0.26, 1.75, 0, 1.25, -1.36, 1.75, 0 ]
					},
					{ "time": 2 }
				]
			},
			"irisL": {
				"translate": [
					{
						"curve": [ 0.25, 0, 0.75, 0.31, 0.25, 0, 0.75, -2.39 ]
					},
					{
						"time": 1,
						"x": 0.31,
						"y": -2.39,
						"curve": [ 1.25, 0.31, 1.75, 0, 1.25, -2.39, 1.75, 0 ]
					},
					{ "time": 2 }
				]
			},
			"hairL2 2": {
				"rotate": [
					{
						"curve": [ 0.192, 0, 0.575, -7.98 ]
					},
					{
						"time": 0.7667,
						"value": -7.98,
						"curve": [ 0.875, -7.98, 1.092, -0.55 ]
					},
					{
						"time": 1.2,
						"value": -0.55,
						"curve": [ 1.283, -0.55, 1.45, -9.16 ]
					},
					{
						"time": 1.5333,
						"value": -9.16,
						"curve": [ 1.65, -9.16, 1.883, 0 ]
					},
					{ "time": 2 }
				],
				"shear": [
					{},
					{ "time": 1, "x": 8.26 },
					{ "time": 2 }
				]
			}
		},
		"deform": {
			"default": {
				"armL": {
					"armL": [
						{
							"time": 0.9,
							"curve": [ 1.029, 0, 1.14, 1 ]
						},
						{
							"time": 1.2667,
							"offset": 28,
							"vertices": [ -1.51086, 0.71941, -1.20222, -0.99176, -1.74438, -0.55032, -1.74438, -0.55032, -5.4474, -2.71472, -6.01334, -5.1203, -6.01334, -5.1203, -8.01959, 2.939, -6.01334, -5.1203, -6.01334, -5.1203, -6.01334, -5.1203, -8.01959, 2.939, -6.01334, -5.1203, -3.22636, -2.41086, -3.92453, 0.9055, -2.31032, -2.9559, 0, 0, 0, 0, 0, 0, 0, 0, 0, 0, 0, 0, 0, 0, 0, 0, 0, 0, 0, 0, 0, 0, 0, 0, 0, 0, 0, 0, 0, 0, 0, 0, 0, 0, 0, 0, 0, 0, -3.92453, 0.9055, -2.31032, -2.9559, -6.81499, -7.15472, 0, 0, 0, 0, 0, 0, -8.9516, 4.12372, -7.38049, -5.44019, -4.89615, -4.35225 ],
							"curve": [ 1.526, 0, 1.747, 1 ]
						},
						{ "time": 2 }
					]
				},
				"armR": {
					"armR": [
						{
							"curve": [ 0.79, 0, 0.635, 1 ]
						},
						{
							"time": 1,
							"vertices": [ 3.29417, 7.54852, 7.38307, 4.59549, 3.70951, 3.69086, 3.10799, 4.21008, 2.62421, 2.72685, 2.18121, 3.0929, -2.82712, 1.84239, -3.07339, 1.39288, 0, 0, 0, 0, 0, 0, 0, 0, 0, 0, 0, 0, 0, 0, 0, 0, 0, 0, 0, 0, 0, 0, 0.41486, -0.02728, 0.41422, 0.03586, 0.41486, -0.02728, 0.41422, 0.03586, 0, 0, 0, 0, -2.70642, -0.02931, -7.84895, 0.7765, -6.89497, 4.14276, -6.60889, 5.26572, -3.56116, 5.85962, -1.18237, 5.82011, 3.62317, 4.25227, 2.84126, 2.91956, 2.36634, 3.31624, -0.12074, 1.8717, -0.40276, 1.8318, 0.84898, 0.3584, 0.78494, 0.48286, 0, 0, 0, 0, -2.5412, 3.44402, -0.37629, 0.85307, 0, 0, 1.2253, -0.49471, 1.28616, -0.30338 ],
							"curve": [ 1.79, 0, 1.635, 1 ]
						},
						{ "time": 2 }
					]
				},
				"bootR": {
					"bootR": [
						{
							"curve": [ 0.294, 0, 0.546, 1 ]
						},
						{
							"time": 0.8333,
							"offset": 2,
							"vertices": [ 5.22825, -1.73952, 4.71846, 0.2213, 5.62447, 6.47461, 1.50863, 7.97215, -4.47059, 2.31835, 0, 0, 0, 0, -4.4706, 2.31835, -4.4706, 2.31835, -4.4706, 2.31835, -4.4706, 2.31835 ],
							"curve": [ 1.245, 0, 1.598, 1 ]
						},
						{ "time": 2 }
					]
				},
				"hairM blob": {
					"hairM blob": [
						{
							"curve": [ 0.542, 0, 0.483, 1 ]
						},
						{
							"time": 1,
							"vertices": [ -1.08211, 8.65523, -1.11434, 7.5247, -2.24056, 6.26955, -3.82799, 5.99094, -3.91438, 7.22203, -2.67052, 9.0497, -1.38165, 9.20383 ],
							"curve": [ 1.542, 0, 1.483, 1 ]
						},
						{ "time": 2 }
					]
				},
				"hairM blobS": {
					"hairM blobS": [
						{
							"curve": [ 0.542, 0, 0.483, 1 ]
						},
						{
							"time": 1,
							"vertices": [ -5.04186, 4.96768, -4.67044, 7.01031, -4.93049, 10.27776, -5.31269, 10.78222, -5.59053, 8.83483, -5.32308, 5.60685 ],
							"curve": [ 1.542, 0, 1.483, 1 ]
						},
						{ "time": 2 }
					]
				},
				"hairSide": {
					"hairSide": [
						{},
						{
							"time": 0.6,
							"vertices": [ -1.60584, 0.69799, -2.39742, 5.14579, 1.78111, 10.4846, -1.31722, -1.77717 ]
						},
						{ "time": 1.1 },
						{
							"time": 1.6667,
							"vertices": [ -1.60584, 0.69799, -2.39742, 5.14579, 1.78111, 10.4846, -1.31722, -1.77717 ]
						},
						{ "time": 2 }
					]
				},
				"indexL": {
					"indexL": [
						{ "curve": "stepped" },
						{
							"time": 0.3333,
							"curve": [ 0.497, 0, 0.649, 0.49 ]
						},
						{
							"time": 0.8,
							"vertices": [ 0.3316, -0.01168, 0.33158, -0.01167, 0.33158, -0.01169, 0.32023, -0.02302, -1.0E-5, 1.0E-5, 1.0E-5, 1.0E-5, -4.0E-5, 3.0E-5, 0.32023, -0.02301, 0.33155, -0.01169, 0.3316, -0.01167, 0.3316, -0.01167 ],
							"curve": [ 0.953, 0.49, 1.105, 1 ]
						},
						{
							"time": 1.2667,
							"vertices": [ -7.78268, -0.32068, -7.7827, -0.32067, -7.7827, -0.32069, -1.72646, -0.27644, -1.0E-5, 1.0E-5, 1.0E-5, 1.0E-5, -4.0E-5, 3.0E-5, -1.72646, -0.27643, -7.78273, -0.32069, -7.78268, -0.32067, -7.78268, -0.32067 ],
							"curve": [ 1.526, 0, 1.747, 1 ]
						},
						{ "time": 2 }
					]
				},
				"indexR": {
					"indexR": [
						{
							"curve": [ 0.353, 0, 0.655, 1 ]
						},
						{
							"time": 1,
							"vertices": [ -3.70744, 2.07258, -3.56297, 1.70496, -4.31731, -0.57099, -3.25647, -3.29185, -2.18936, -5.81705, 0.70666, -5.57201, 1.93816, -3.54265, 1.80319, 0.17362, 0.49382, -1.71758, 0.49383, -1.71758, 1.0E-5, -1.0E-5, 0, 0, -4.19104, 3.05999, -1.06691, -0.08681 ],
							"curve": [ 1.353, 0, 1.655, 1 ]
						},
						{ "time": 2 }
					]
				},
				"irisL flatspec": {
					"irisL flatspec": [
						{},
						{
							"time": 0.5,
							"vertices": [ 0.61252, -0.47808, -0.34621, -0.26418, -0.95872, 0.2139 ]
						},
						{ "time": 1 },
						{
							"time": 1.5667,
							"vertices": [ 0.61252, -0.47808, -0.34621, -0.26418, -1.41387, 0.64572, 1.69759, 0.84319 ]
						},
						{ "time": 2 }
					]
				},
				"irisL spec": {
					"irisL spec": [
						{},
						{
							"time": 0.5,
							"vertices": [ 2.66561, -1.34321, -0.62155, -1.4382, 2.1585, -0.04376, 3.15285, -1.17854 ]
						},
						{
							"time": 1,
							"vertices": [ 0.98535, -1.29693, -1.2431, -2.87638, -2.16038, -1.52057 ]
						},
						{
							"time": 1.5667,
							"vertices": [ 2.93274, 1.38345, 1.4911, -0.79594, -0.93617, -0.65891 ]
						},
						{ "time": 2 }
					]
				},
				"irisR flatspec": {
					"irisR flatspec": [
						{},
						{
							"time": 0.4667,
							"offset": 2,
							"vertices": [ -1.70543, 0.46474, -1.2566, -0.32218, 1.71141, 0.20524 ]
						},
						{ "time": 0.9667 },
						{
							"time": 1.5667,
							"vertices": [ 0.42843, -0.47367, -1.277, -0.00896, -1.2566, -0.32218, 1.71141, 0.20524 ]
						},
						{ "time": 2 }
					]
				},
				"irisR spec": {
					"irisR spec": [
						{},
						{
							"time": 0.4,
							"vertices": [ 1.33019, 0.3099, -0.7722, -1.58121, -0.93541, -2.05612, -0.31694, 1.15223 ]
						},
						{
							"time": 0.9667,
							"vertices": [ -1.23871, -0.17238, -2.84217, 0.45327, 1.84367, 0.5128, 1.38389, 0.67142 ]
						},
						{
							"time": 1.5,
							"vertices": [ -0.55319, 2.56626, -1.37525, 0.21934, -0.90461, 0.64045, -1.50449, -0.12951 ]
						},
						{ "time": 2 }
					]
				},
				"middleL": {
					"middleL": [
						{
							"curve": [ 0.379, 0, 0.338, 1 ]
						},
						{
							"time": 0.7,
							"vertices": [ 1.87502, -1.17947, 2.27197, -0.96694, 2.27365, -1.0802, -0.73205, -0.10651, 0, 0, 0, -1.0E-5, 0, 0, -0.55559, -0.01207, 2.27369, -1.08022, 1.79739, -1.19242, 1.78682, -1.2267 ],
							"curve": [ 1.061, 0, 1.022, 1 ]
						},
						{
							"time": 1.3667,
							"vertices": [ -6.16218, -0.21533, -4.73239, 0.55014, -4.72634, 0.14221, -2.6366, -0.38359, 0, 0, 0, -1.0E-5, 0, 0, -2.00113, -0.04347, -4.7263, 0.14219, -6.44176, -0.26199, -6.47987, -0.38544 ],
							"curve": [ 1.59, 0, 1.782, 1 ]
						},
						{ "time": 2 }
					]
				},
				"ringL": {
					"ringL": [
						{
							"curve": [ 0.614, 0, 0.547, 1 ]
						},
						{
							"time": 1.1333,
							"vertices": [ 2.29756, -2.1041, 2.29753, -2.10409, 2.29757, -2.1041, 0, 0, 0, 0, -0.61601, -0.2029 ],
							"curve": [ 1.35, 0, 1.327, 1 ]
						},
						{
							"time": 1.5333,
							"vertices": [ -3.41745, -0.94554, -3.41747, -0.94553, -3.41744, -0.94554, 0, 0, 0, 0, -1.24409, -0.40979 ],
							"curve": [ 1.786, 0, 1.759, 1 ]
						},
						{ "time": 2 }
					]
				},
				"thumbL": {
					"thumbL": [
						{ "curve": "stepped" },
						{
							"time": 0.4667,
							"curve": [ 0.714, 0, 0.925, 1 ]
						},
						{
							"time": 1.1667,
							"vertices": [ -2.29185, -3.98124, -0.2334, -3.13461, 0.49543, -1.60927, 1.06945, 0.67771, -0.11907, -0.5765, -0.11912, -0.57646, -1.0E-5, 0, -1.0E-5, 2.0E-5, -1.80242, 1.16175, -2.5097, 0.70314, -3.87533, 0.49874, -4.51916, -1.38056, -4.28195, -2.70174, -3.59239, -3.16153, -3.25915, -3.82949, -1.17744, -0.89034, 0.3796, 0.01583 ],
							"curve": [ 1.461, 0, 1.713, 1 ]
						},
						{ "time": 2 }
					]
				},
				"thumbR": {
					"thumbR": [
						{
							"curve": [ 0.353, 0, 0.655, 1 ]
						},
						{
							"time": 1,
							"offset": 2,
							"vertices": [ 4.24296, 0.26622, 5.3837, 4.83061, 3.73976, 9.41351, -1.18715, 11.81196, -5.39824, 10.30256, -6.95535, 4.73572, -3.19517, -0.32295, -1.31602, 0.11442, 0, 1.0E-5, 0, -1.0E-5, -1.0E-5, 1.0E-5, -0.93784, 2.97592 ],
							"curve": [ 1.353, 0, 1.655, 1 ]
						},
						{ "time": 2 }
					]
				}
			}
		}
	}
}
}